id,subset,source_url,source_domain,crawl_type,source_description,topic,question_type,license,license_status,license_terms_url
8623d41ad0574b90d07acb3a99a5306e3b85966d367b41a6dc4df55ae5b80da2,text,https://ocw.mit.edu/courses/7-03-genetics-fall-2004/pages/assignments/,ocw.mit.edu,qa,,Biology,Calculation,CC BY-NC-SA 4.0,verified,https://ocw.mit.edu/terms/
7831d74aa8e955e4ceb9deb91367497778777a3b5ae8e1f5ce0e4332fc9113d7,text,https://ocw.mit.edu/courses/6-046j-design-and-analysis-of-algorithms-spring-2012/download/,ocw.mit.edu,qa,,Math,Calculation,CC BY-NC-SA 4.0,verified,https://ocw.mit.edu/terms/
02df090ab2b4cd8fbe18aec21abc81f604f9bdb1d388a73a9d84de98b78fb2c9,text,https://web.evanchen.cc/exams/JMO-2019-notes.pdf,web.evanchen.cc,,,Math,Proof,no licence stated,unverified,
e3f68e664052b22d181c48e59c1c7787562573a922928f225f5ec14da8d4a5dc,text,https://knzhou.github.io/,knzhou.github.io,qa,,Physics,Essay,no licence stated,verified,https://knzhou.github.io/
3a6701d56d5b1407653c2049ab762704059391615f920f8e4a5e7f07610bd8f6,text,https://ocw.mit.edu/courses/6-004-computation-structures-spring-2009/resources/mit6_004s09_tutor13_sol/,ocw.mit.edu,qa,,Other,Calculation,CC BY-NC-SA 4.0,verified,https://ocw.mit.edu/terms/
e0c7534201e48912863aeefbc5001375b7bdeb748b29ad390a8d0b8659e50efd,text,https://ocw.mit.edu/courses/6-828-operating-system-engineering-fall-2012/download/,ocw.mit.edu,qa,,Other,Essay,CC BY-NC-SA 4.0,verified,https://ocw.mit.edu/terms/
48fb517c4a832fc6c4031901d9b2f78605ec46a5d8d32dbfbbb7f791b2adb248,text,https://web.evanchen.cc/exams/TSTST-2012.pdf,web.evanchen.cc,,,Math,Proof,no licence stated,unverified,
603629b1b5207d8cc3ded66b297e3d44485d259f3c8f31a933601d583d7ff479,text,https://ocw.mit.edu/courses/22-313j-thermal-hydraulics-in-power-technology-spring-2007/pages/exams/,ocw.mit.edu,qa,,Physics,Essay,CC BY-NC-SA 4.0,verified,https://ocw.mit.edu/terms/
1076b52355e9ffd1c38dd2c2cd07ab7acd8faac0679bbdf4d379544a0d1491cc,text,https://ocw.mit.edu/courses/18-02-multivariable-calculus-spring-2006/download/,ocw.mit.edu,qa,,Math,Calculation,CC BY-NC-SA 4.0,verified,https://ocw.mit.edu/terms/
1c64c5480010c90289397f6fa673472de28934cc8ff27c80c8d783b75809a102,text,https://www.lboro.ac.uk/departments/mlsc/student-resources/helm-workbooks/,www.lboro.ac.uk,qa,,Math,Calculation,no licence stated,unverified,
6a64c89757dd187636fd569e6acf4726eceefaed34a1f2fd75d9dd64175cd46a,text,https://www.ruf.rice.edu/~eulers/prevtests.html,www.ruf.rice.edu,qa,,Math,Essay,no licence stated,unverified,
910981987225f84c671db9bf57aaac4ce1d06414c276683c05d790bb3d969b44,text,https://ocw.mit.edu/courses/3-40j-physical-metallurgy-fall-2009/download/,ocw.mit.edu,qa,,Physics,Calculation,CC BY-NC-SA 4.0,verified,https://ocw.mit.edu/terms/
2b6975b59ae1eef52c0675676057b5cf5238ac416657172446af13fcd5bc72d6,text,https://ocw.mit.edu/courses/18-310-principles-of-discrete-applied-mathematics-fall-2013/download/,ocw.mit.edu,qa,,Math,Calculation,CC BY-NC-SA 4.0,verified,https://ocw.mit.edu/terms/
89faed89e6cc01e85160935d6591c062189fded205df589a6af7fc0b340ec884,text,https://ocw.mit.edu/courses/6-041-probabilistic-systems-analysis-and-applied-probability-fall-2010/resources/mit6_041f10_assn09_sol/,ocw.mit.edu,qa,,Math,Calculation,CC BY-NC-SA 4.0,verified,https://ocw.mit.edu/terms/
1b7ff883981e12d2a021c6b630e430dcf205eb88459f5513011c07e5e84d7bb2,text,https://ocw.mit.edu/courses/6-046j-design-and-analysis-of-algorithms-spring-2015/resources/solutions-to-problem-set-10/,ocw.mit.edu,qa,,Math,Proof,CC BY-NC-SA 4.0,verified,https://ocw.mit.edu/terms/
fcea2a182a73c11a0c9f6f598e8885081ae8da12bf9b13fc6b5a61c807af01c6,text,https://web.evanchen.cc/elmo/problems.html,web.evanchen.cc,qa,,Math,Proof,no licence stated,unverified,
b2888258da231f7e035d61283faf72d328f47fbb04502af47b0117a8e1234b7f,text,https://ocw.mit.edu/courses/15-010-economic-analysis-for-business-decisions-fall-2004/pages/exams/,ocw.mit.edu,qa,,Finance,Calculation,CC BY-NC-SA 4.0,verified,https://ocw.mit.edu/terms/
329ad1dd1ea0c3e6bbecc23f0f6f78ee995cbb5c4f8e27f1c1e8d7b48974687a,text,https://ocw.mit.edu/courses/22-312-engineering-of-nuclear-reactors-fall-2015/download/,ocw.mit.edu,qa,,Physics,Calculation,CC BY-NC-SA 4.0,verified,https://ocw.mit.edu/terms/
9774c9c063e314a7ef33f8ee3f1cb37bd2eb8289a3892f3d429c43aa35248382,text,https://ocw.mit.edu/courses/6-641-electromagnetic-fields-forces-and-motion-spring-2005/pages/exams/,ocw.mit.edu,qa,,Physics,Calculation,CC BY-NC-SA 4.0,verified,https://ocw.mit.edu/terms/
b1b3fc39acfb8e59c31ef71b91332383a5b6896825a4e473f1693a709fd3a9d2,text,https://ocw.mit.edu/courses/18-704-seminar-in-algebra-and-number-theory-rational-points-on-elliptic-curves-fall-2004/download/,ocw.mit.edu,qa,,Math,Proof,CC BY-NC-SA 4.0,verified,https://ocw.mit.edu/terms/
28a715915822eb94d9958bfc7b39e690d779dee5cbbdaa84e9ac800ac5e7dfd0,text,https://web.evanchen.cc/exams/USAMO-2015-notes.pdf,web.evanchen.cc,,,Math,Calculation,no licence stated,unverified,
5b94aca7807a09e82a42241ecf6e0c1b10d0ef42d67f6bb68f115dcf7bb0a793,text,https://ocw.mit.edu/courses/14-13-psychology-and-economics-spring-2020/pages/problemsets/,ocw.mit.edu,qa,,Other,Calculation,CC BY-NC-SA 4.0,verified,https://ocw.mit.edu/terms/
694add95506aa283bb2416586667219831139fdaaaa799cf8de5a7340cf24f80,text,https://web.evanchen.cc/exams/TSTST-2024.pdf,web.evanchen.cc,,,Math,Calculation,no licence stated,unverified,
e8131f76937a34ebdf376f2570e446ed462a72077b05b9b654b4c93c149e140b,text,https://web.evanchen.cc/exams/USEMO-2024.pdf,web.evanchen.cc,,,Math,Calculation,no licence stated,unverified,
5001abe1aa970183d7e95bcc00ed9b19fbe90c18afc6d3f95f492c2c28efa782,text,https://ocw.mit.edu/courses/6-042j-mathematics-for-computer-science-fall-2005/pages/lecture-notes/,ocw.mit.edu,qa,,Math,Calculation,CC BY-NC-SA 4.0,verified,https://ocw.mit.edu/terms/
bfc8dfea039cefb3b36b48e5359a9b7142f72e543b58a6bfd511020bf3f13220,text,https://ocw.mit.edu/courses/14-30-introduction-to-statistical-method-in-economics-spring-2006/download/,ocw.mit.edu,qa,,Math,Calculation,CC BY-NC-SA 4.0,verified,https://ocw.mit.edu/terms/
6b2896a5beae45e958b2b06e4b725dbbe351a169d11feb70c4aa52449bad7297,text,https://ocw.mit.edu/courses/8-821-string-theory-fall-2008/pages/assignments/,ocw.mit.edu,qa,,Physics,Calculation,CC BY-NC-SA 4.0,verified,https://ocw.mit.edu/terms/
c52a99026d7eeb5b095f00e17a8bb146db9f0f4eb09af13e3c0fa0ed56fa29c5,text,https://ocw.mit.edu/courses/14-123-microeconomic-theory-iii-spring-2015/download/,ocw.mit.edu,qa,,Other,Calculation,CC BY-NC-SA 4.0,verified,https://ocw.mit.edu/terms/
24c3290aa54ebece7b6036749bd426c604f1a55249f409f8c6490cb4e77bcf4c,text,https://ocw.mit.edu/courses/6-013-electromagnetics-and-applications-spring-2009/pages/assignments/,ocw.mit.edu,qa,,Physics,Calculation,CC BY-NC-SA 4.0,verified,https://ocw.mit.edu/terms/
495969311d8d85769037a898860f25a5dd70366b75e22f56f1f048b3e8e0155d,text,https://web.evanchen.cc/exams/USAMO-2016-notes.pdf,web.evanchen.cc,,,Math,Proof,no licence stated,unverified,
94bd9fd51845018112a96772e88ec16a4d21d3cdf68f27dc8f74c33fcc7ba691,text,https://web.evanchen.cc/exams/IMO-2023-TST.pdf,web.evanchen.cc,,,Math,Calculation,no licence stated,unverified,
ccdf2fe07fc3b3231268d75408a384d01ce9541e26f2e45104204e91f36aff5d,text,https://web.evanchen.cc/exams/TSTST-2013.pdf,web.evanchen.cc,,,Math,Calculation,no licence stated,unverified,
b7bf1c468505963870fa3ce5b66f0c55062380385523ae8ab3004cf42de8b3ba,text,https://www.ruf.rice.edu/~eulers/prevtests.html,www.ruf.rice.edu,qa,,Math,Calculation,no licence stated,unverified,
5d7fe84764cda76d3070ff95889517fc5b67906ee2903f70781c6f670f14524b,text,https://web.evanchen.cc/exams/EGMO-2018-notes.pdf,web.evanchen.cc,,,Math,Proof,no licence stated,unverified,
db59be121b884aa39e76df770a47cb034199f732d45f4ab3cec02e94b3046bc2,text,https://web.evanchen.cc/exams/USAMO-2007-notes.pdf,web.evanchen.cc,,,Math,Calculation,no licence stated,unverified,
8c9add1c786cb55086ff07a2234a4ebc10e030594c8114602ea985ab0c4154ca,text,https://knzhou.github.io/,knzhou.github.io,qa,,Physics,Calculation,no licence stated,verified,https://knzhou.github.io/
2afa72d771c20e84371d7aa155df1cfdc5772f4b42a0e9f3e69c6cc533d05514,text,https://web.evanchen.cc/exams/USEMO-2021.pdf,web.evanchen.cc,,,Math,Calculation,no licence stated,unverified,
c1521e05f066d83a390066c0dd3b53a9ebe9dc853b01cd66fa48d2db24f46d7c,text,https://web.evanchen.cc/exams/IMO-2025-notes.pdf,web.evanchen.cc,,,Math,Calculation,no licence stated,unverified,
9b070517892a4547f3b84e5bfde01c7839f74d99cd7fbd4d3521d7906dc19bcc,text,https://ocw.mit.edu/courses/18-075-advanced-calculus-for-engineers-fall-2004/pages/exams/,ocw.mit.edu,qa,,Math,Calculation,CC BY-NC-SA 4.0,verified,https://ocw.mit.edu/terms/
33c31ec0145e4830aa6d10afc5e5d25d0cfd5da0a47eb0c83590365b15bad79f,text,https://ocw.mit.edu/courses/6-041sc-probabilistic-systems-analysis-and-applied-probability-fall-2013/resources/mit6_041scf13_qu02_s08_sol/,ocw.mit.edu,qa,,Math,Calculation,CC BY-NC-SA 4.0,verified,https://ocw.mit.edu/terms/
5373b684c7ff86f527089b2916247838ed891c3fa5916a1172888e763612ab6e,text,https://web.evanchen.cc/exams/USAMO-2024-notes.pdf,web.evanchen.cc,,,Math,Proof,no licence stated,unverified,
372409ed8f2dc15726bf9a8c75284e4e2825db03d6f6fba94aa9c4d6d2bd9f1f,text,https://web.evanchen.cc/exams/JMO-2011-notes.pdf,web.evanchen.cc,,,Math,Proof,no licence stated,unverified,
119f271284003d80864ba9381ec61894c045eb10baf6350094c56b3f212f2c67,text,https://web.evanchen.cc/exams/ELMO-2014.pdf,web.evanchen.cc,,,Math,Calculation,no licence stated,unverified,
c233f3482a4fb97109e452e7873770d4c00883f9e84216d18c3fffe046fb0221,text,https://web.evanchen.cc/exams/EGMO-2016-notes.pdf,web.evanchen.cc,,,Math,Calculation,no licence stated,unverified,
c90401b6b73d52ea6e6ea3b0494b8f8a676c2a8558748b6b6990422fd0f6e406,text,https://ocw.mit.edu/courses/14-271-industrial-organization-i-fall-2022/pages/assignments/,ocw.mit.edu,qa,,Other,Calculation,CC BY-NC-SA 4.0,verified,https://ocw.mit.edu/terms/
50b7f8c57f0b5c74cef2f5e09b195ab0b0397803a69858fe5f8adfef80ed25dc,text,https://www.ruf.rice.edu/~eulers/prevtests.html,www.ruf.rice.edu,qa,,Math,Calculation,no licence stated,unverified,
282171729a5fbcb584d8313aa3ced10a85d8a6d4a9c334065a3c082d3f04893e,text,https://web.evanchen.cc/elmo/problems.html,web.evanchen.cc,qa,,Math,Essay,no licence stated,unverified,
43232fe70e5075715361423edc59691696ffbe35574704bae6e2d80d70c490ba,text,https://ocw.mit.edu/courses/7-03-genetics-fall-2004/pages/study-materials/,ocw.mit.edu,qa,,Biology,Calculation,CC BY-NC-SA 4.0,verified,https://ocw.mit.edu/terms/
62a37f1f159b0a7b2967606d3740a7fc8a7897df79dd2fa900e14fdbb0a8fbad,text,https://ocw.mit.edu/courses/2-71-optics-spring-2014/pages/exams/,ocw.mit.edu,qa,,Physics,Calculation,CC BY-NC-SA 4.0,verified,https://ocw.mit.edu/terms/
a314c2d97b808c8ae4c03e979f0e3b659519a94fab90f99e6358848b0c644969,text,https://web.evanchen.cc/exams/USAMO-2001-notes.pdf,web.evanchen.cc,,,Math,Proof,no licence stated,unverified,
a6b278f04e69555c59e996d58e6bb1acc113c9418a4abf56976a15c469f0b07e,text,https://web.evanchen.cc/exams/USEMO-2023.pdf,web.evanchen.cc,,,Math,Calculation,no licence stated,unverified,
22cec487e040944aa414e59baa22f3af310edbf0b1cd3cf6804cf378add0953b,text,https://ocw.mit.edu/courses/7-29j-cellular-neurobiology-spring-2012/pages/exams/,ocw.mit.edu,qa,,Physics,Calculation,CC BY-NC-SA 4.0,verified,https://ocw.mit.edu/terms/
385868ba50e040aec65d6a9f2fa359fdc93bac5385edd8226d7743a0f7c2abd2,text,https://ocw.mit.edu/courses/7-013-introductory-biology-spring-2013/pages/assignments/,ocw.mit.edu,qa,,Biology,Essay,CC BY-NC-SA 4.0,verified,https://ocw.mit.edu/terms/
c5c0081818ff40bbbde704cd54e4ebfed7b2006362d91211f1638a8ed80808d6,text,https://ocw.mit.edu/courses/6-042j-mathematics-for-computer-science-fall-2010/download/,ocw.mit.edu,qa,,Math,Calculation,CC BY-NC-SA 4.0,verified,https://ocw.mit.edu/terms/
20db0d787e2f55b0ba6186ea4f4e92b2fe8e5f60fc9d8f474addb251f90b6448,text,https://ocw.mit.edu/courses/8-044-statistical-physics-i-spring-2013/resources/mit8_044s14_praexam2sol_03/,ocw.mit.edu,qa,,Physics,Proof,CC BY-NC-SA 4.0,verified,https://ocw.mit.edu/terms/
9ae9fe9531ee3b1f9885efaa0ae31bfbac6c572528d0df3d99a4426b897d6b79,text,https://web.evanchen.cc/exams/IMO-2007-notes.pdf,web.evanchen.cc,,,Math,Calculation,no licence stated,unverified,
de69f23d00fdc0140b1adf1e41523445698c5518a04ed98af3b47d3117139c55,text,https://web.evanchen.cc/exams/USAMO-2023-notes.pdf,web.evanchen.cc,,,Math,Calculation,no licence stated,unverified,
c187c6419b6d5b5f90e649ab2f697554cbc667c5d88eb7d15ba7a1b0c7e3f7ff,text,http://users.wfu.edu/ecarlson/cosmo2/index.html,users.wfu.edu,qa,,Physics,Calculation,no licence stated,unverified,
8b128180cd47c2213fec98a427e73e95cf3f9b3fe31e185f5385dce0593f03ab,text,https://ocw.mit.edu/courses/6-642-continuum-electromechanics-fall-2008/pages/assignments/,ocw.mit.edu,qa,,Physics,Calculation,CC BY-NC-SA 4.0,verified,https://ocw.mit.edu/terms/
75ed3e343f09c1607fdf4dc5dcbcf8c6601dd5847e9a708751b3d20b4047d6b6,text,https://safari.ethz.ch/architecture/fall2024/doku.php?do=media&id=start&image=fall23-hw2-sol.pdf&ns=&tab_details=view,safari.ethz.ch,qa,,Other,Essay,no licence stated,unverified,
b4e396f07215a3c075328506348af7d3743a961381884f36031d6536028b7d15,text,https://ocw.mit.edu/courses/14-27-economics-and-e-commerce-fall-2014/resources/mit14_27f14_pset4_sol/,ocw.mit.edu,qa,,Math,Calculation,CC BY-NC-SA 4.0,verified,https://ocw.mit.edu/terms/
ded91979d30c62cc4de87e175014b4afa5c3658006cfef532def481263307c12,text,https://web.evanchen.cc/exams/IMO-2019-notes.pdf,web.evanchen.cc,,,Math,Calculation,no licence stated,unverified,
42e8c5f16a18563b2741fe17d3d2f96c97a48b995f45b85442fcd0e4ed2af536,text,https://ocw.mit.edu/courses/14-271-industrial-organization-i-fall-2022/download/,ocw.mit.edu,qa,,Finance,Calculation,CC BY-NC-SA 4.0,verified,https://ocw.mit.edu/terms/
05378563211fb042b377845c4056a67359b9a346e52292f20d57bc7967933a81,text,https://ocw.mit.edu/courses/8-334-statistical-mechanics-ii-statistical-physics-of-fields-spring-2014/download/,ocw.mit.edu,qa,,Physics,Calculation,CC BY-NC-SA 4.0,verified,https://ocw.mit.edu/terms/
6f537df2e45362c7d5a03ef2f418641496748227a1ec3fa4873f2a1e90d5e74f,text,https://web.evanchen.cc/exams/USAMO-2006-notes.pdf,web.evanchen.cc,,,Math,Essay,no licence stated,unverified,
7178f6996db1c3326566a8f29cdd302a993cd65f4cd5f324281041c1ded0f578,text,https://web.evanchen.cc/exams/IMO-2025-TST.pdf,web.evanchen.cc,,,Math,Proof,no licence stated,unverified,
f9fc1f94b59df823c933b1235d4908bd15cfd5c61f8d013cfa535c001f8f654c,text,https://web.evanchen.cc/exams/USAMO-2019-notes.pdf,web.evanchen.cc,,,Math,Calculation,no licence stated,unverified,
a115d3760cc05ff6d571402704f529f9bc9402b2855e4a8e6fc151df6b7410ac,text,https://ocw.mit.edu/courses/18-075-advanced-calculus-for-engineers-fall-2004/pages/exams/,ocw.mit.edu,qa,,Math,Essay,CC BY-NC-SA 4.0,verified,https://ocw.mit.edu/terms/
51de3c2e96f250de185c19db41c848ddf5ad54ced91c86cc3414b3b4120b481c,text,https://ocw.mit.edu/courses/14-12-economic-applications-of-game-theory-fall-2012/resources/mit14_12f12_pset5sol/,ocw.mit.edu,qa,,Finance,Proof,CC BY-NC-SA 4.0,verified,https://ocw.mit.edu/terms/
2018c2e0a7ce099117d86577ad03f0b60b80e6c184a2fb1353ce2419c79e07b3,text,https://ocw.mit.edu/courses/3-20-materials-at-equilibrium-sma-5111-fall-2003/pages/exams/,ocw.mit.edu,qa,,Physics,Calculation,CC BY-NC-SA 4.0,verified,https://ocw.mit.edu/terms/
3165f8ede7e629d14cbc8a875fd17e9dcab72a530a6afb8fc923aa0e05488ef4,text,https://web.evanchen.cc/exams/JMO-2016-notes.pdf,web.evanchen.cc,,,Math,Calculation,no licence stated,unverified,
539aebf8bfb03a2b44336f2f8706de6f66bbc628ef02109aba5e16b5eb685dd0,text,https://ocw.mit.edu/courses/6-046j-introduction-to-algorithms-sma-5503-fall-2005/download/,ocw.mit.edu,qa,,Math,Calculation,CC BY-NC-SA 4.0,verified,https://ocw.mit.edu/terms/
acbd771c3e6e0e16f2199941dc172ca5eacd7c3df94c3084051da84a36f1dc7f,text,https://ocw.mit.edu/courses/16-50-introduction-to-propulsion-systems-spring-2012/download/,ocw.mit.edu,qa,,Physics,Calculation,CC BY-NC-SA 4.0,verified,https://ocw.mit.edu/terms/
cadbcd605a794f93d6f69b2709e60c8cc20ee2bac9bccacd7cc4d6fc8615024e,text,https://ocw.mit.edu/courses/2-035-special-topics-in-mathematics-with-applications-linear-algebra-and-the-calculus-of-variations-spring-2007/download/,ocw.mit.edu,qa,,Physics,Calculation,CC BY-NC-SA 4.0,verified,https://ocw.mit.edu/terms/
17cdc538fb813329f5765fc28f14f8f6bbb52bbefbe452e4b2d27d4a864b70ee,text,https://www.aapt.org/physicsteam/PT-exams.cfm,www.aapt.org,qa,,Physics,Calculation,no licence stated,verified,https://www.aapt.org/physicsteam/PT-exams.cfm
ca4813d2ea50bea50529373c0860928203d9148e3766827e980fda135a8aa0ef,text,https://www.nbi.dk/~petersen/Teaching/AppliedStatistics2015.html,www.nbi.dk,qa,,Math,Calculation,no licence stated,unverified,
0d68d29e2ceb1e6ec75f0231fd05ecfa1caef4d818b0620b9740339aef4f1d41,text,https://web.evanchen.cc/exams/ELMO-2016.pdf,web.evanchen.cc,,,Math,Calculation,no licence stated,unverified,
bfc160b888f69b69e04d0a4103ce282decbfeb325f8fc3b9cbe628963d8ee182,text,https://ocw.mit.edu/courses/14-462-advanced-macroeconomics-ii-spring-2004/pages/assignments/,ocw.mit.edu,qa,,Math,Essay,CC BY-NC-SA 4.0,verified,https://ocw.mit.edu/terms/
82eece3b8c63bab5048c6657b7074fd6d049fb2489f08698c18d0c223cb349f9,text,https://web.evanchen.cc/exams/TSTST-2020.pdf,web.evanchen.cc,,,Math,Calculation,no licence stated,unverified,
44e464429cb8a98fb59f8043ae49d217797a814ca2e964d96836d63f28b88115,text,https://metaphor.ethz.ch/x/2023/hs/401-0353-00L/,metaphor.ethz.ch,qa,,Math,Calculation,no licence stated,unverified,
1638638e17ea4d2c2e01ba0ccf20b38ec10b361bdedad9c37d19382161a6a48a,text,https://web.evanchen.cc/exams/TSTST-2023.pdf,web.evanchen.cc,,,Math,Calculation,no licence stated,unverified,
2821f84ad1ed3e3edb374aa7abeaadde2dae0cb5ad2ac4a4050cafe4b6bf9425,text,https://web.evanchen.cc/exams/IMO-2024-notes.pdf,web.evanchen.cc,,,Math,Proof,no licence stated,unverified,
35466e9d11f5beebf728250dd366479d00aa7646a730aa42591c152683d4f2f9,text,https://ocw.mit.edu/courses/6-451-principles-of-digital-communication-ii-spring-2005/download/,ocw.mit.edu,qa,,Math,Calculation,CC BY-NC-SA 4.0,verified,https://ocw.mit.edu/terms/
97acd97b182715fbfad89e32833ed6c71f14641bd72b11630e649a02e4380f10,text,https://web.evanchen.cc/elmo/problems.html,web.evanchen.cc,qa,,Math,Proof,no licence stated,unverified,
c1c9aa9b20401fbec0c5dac29e31dfd497d941fc321b254fda3b29b5cf1ea227,text,https://ocw.mit.edu/courses/6-642-continuum-electromechanics-fall-2008/pages/assignments/,ocw.mit.edu,qa,,Physics,Calculation,CC BY-NC-SA 4.0,verified,https://ocw.mit.edu/terms/
8f9d42bbcd4989e004d2fdaf00abd3b92169916d6c9535db2fe73cb9a648ea40,text,https://web.evanchen.cc/exams/EGMO-2014-notes.pdf,web.evanchen.cc,,,Math,Proof,no licence stated,unverified,
6003a65bfb02a828475d541262c2d4c1c8f30cc68ef5c0675516e6541d5e8c08,text,https://eml.berkeley.edu/~saez/course131/course131.html,eml.berkeley.edu,qa,,Economics,Essay,no licence stated,unverified,
4fae306d23d5609ed027a8e8cbf6ed1c6fd56c5b5dda69f3ecaf70b8b7483935,text,https://www.brumo.org/archive,www.brumo.org,qa,,Math,Calculation,no licence stated,unverified,
9bd9b657072e92dcc25e8320c9fa76e3c6c09b236e056f8d3a84d941a0ae7bdc,text,https://web.evanchen.cc/exams/TSTST-2017.pdf,web.evanchen.cc,,,Math,Essay,no licence stated,unverified,
b1e06287a00f0e45eb2b6cc59b153db747462ebe1171174f9a68ae4d3992e325,text,https://ocw.mit.edu/courses/18-435j-quantum-computation-fall-2003/download/,ocw.mit.edu,qa,,Physics,Calculation,CC BY-NC-SA 4.0,verified,https://ocw.mit.edu/terms/
3c53ea3d062c1c664142676467a93fc006db549fafa20ccd16d4f5758d50f14d,text,https://web.evanchen.cc/exams/TSTST-2023.pdf,web.evanchen.cc,,,Math,Calculation,no licence stated,unverified,
390f82ed3583d045f56adc00af61d15dbc923c82dad2d8f4bba42a6610bc58ff,text,https://ocw.mit.edu/courses/6-642-continuum-electromechanics-fall-2008/pages/assignments/,ocw.mit.edu,qa,,Physics,Calculation,CC BY-NC-SA 4.0,verified,https://ocw.mit.edu/terms/
6c14aa77fb15f6f5c32b662c1db2722557bf3aa686bce7a9d2a643063cada93e,text,http://moller.physics.berkeley.edu/~phys8a/,moller.physics.berkeley.edu,qa,,Physics,Calculation,no licence stated,unverified,
84c1b362afffad4834ca27ef6c4751d799bba300789acb99e322df07cb8a6d25,text,https://ocw.mit.edu/courses/1-725j-chemicals-in-the-environment-fate-and-transport-fall-2004/pages/exams/,ocw.mit.edu,qa,,Chemistry,Calculation,CC BY-NC-SA 4.0,verified,https://ocw.mit.edu/terms/
c53ab122940b031ddbb376d9165f51b50511261d9118b2e05661486d12ab38c6,text,https://web.evanchen.cc/exams/USAMO-2012-notes.pdf,web.evanchen.cc,,,Math,Proof,no licence stated,unverified,
04715903bbd2302d6b306d69afcf4339b5c9b78e2b39374167a180c0d3ec536f,text,https://knzhou.github.io/,knzhou.github.io,qa,,Physics,Calculation,no licence stated,verified,https://knzhou.github.io/
735cfa685df8c8188d650a5a87236d0258075ad632e6c482c75ee8ac156d7d1c,text,https://ocw.mit.edu/courses/2-830j-control-of-manufacturing-processes-sma-6303-spring-2008/pages/exams/,ocw.mit.edu,qa,,Math,Essay,CC BY-NC-SA 4.0,verified,https://ocw.mit.edu/terms/
399832dc3f871038cd38ba1afe829997034c0728e362d16821b3da476c1fe1cf,text,https://web.evanchen.cc/exams/IMO-2000-notes.pdf,web.evanchen.cc,,,Math,Calculation,no licence stated,unverified,
3f66c2000d53440b9d80f258b25f9458054b652de37331bfbf22c97a8cad85fa,text,https://web.evanchen.cc/exams/TSTST-2021.pdf,web.evanchen.cc,,,Math,Essay,no licence stated,unverified,
9d15d3a818b3fc18c5973ba15fc8772079f2198de61e79fee683bb1dd7adcafc,text,https://ocw.mit.edu/courses/8-324-relativistic-quantum-field-theory-ii-fall-2010/pages/assignments/,ocw.mit.edu,qa,,Physics,Calculation,CC BY-NC-SA 4.0,verified,https://ocw.mit.edu/terms/
7541b0ef9f00225aabbf30aceefd1fb67db295476eb391af246dd713534959de,text,https://ocw.mit.edu/courses/6-041-probabilistic-systems-analysis-and-applied-probability-spring-2006/download/,ocw.mit.edu,qa,,Math,Calculation,CC BY-NC-SA 4.0,verified,https://ocw.mit.edu/terms/
f83388b0c07ac89d27a727751ef9535aae0b158671f0fcd01a6897502b06578e,text,https://ocw.mit.edu/courses/6-243j-dynamics-of-nonlinear-systems-fall-2003/pages/assignments/,ocw.mit.edu,qa,,Math,Calculation,CC BY-NC-SA 4.0,verified,https://ocw.mit.edu/terms/
a62b6d45522882b74c76f394e2a5b13c1652471635b1a11b43377e19805232d1,text,https://web.evanchen.cc/exams/EGMO-2016-notes.pdf,web.evanchen.cc,,,Math,Calculation,no licence stated,unverified,
ef1dbded970933c9694cbfab317ec358f8dbe1048a649477482e4963ef5744f4,text,https://smp.uq.edu.au/uq-qamt-problem-solving-competition,smp.uq.edu.au,qa,,Math,Calculation,no licence stated,unverified,
fa9ff6d0dad01eb16144af003b6419cc0aeeb0d3a7990b82ecf58c13af424968,text,https://smp.uq.edu.au/uq-qamt-problem-solving-competition,smp.uq.edu.au,qa,,Math,Calculation,no licence stated,unverified,
77572d07a7ecd907b732df1a127a095edc4b944da384ca67b604c3751fb483cf,text,https://knzhou.github.io/,knzhou.github.io,qa,,Physics,Calculation,no licence stated,verified,https://knzhou.github.io/
a6f46552cb19c754d7c685f605719229d652727ab0302855e497212bb3276069,text,https://knzhou.github.io/,knzhou.github.io,qa,,Physics,Essay,no licence stated,verified,https://knzhou.github.io/
a2ee475ded5b36191beac380ce551b972e21a92693774362bb882219110be6f6,text,https://ocw.mit.edu/courses/res-6-007-signals-and-systems-spring-2011/pages/assignments/,ocw.mit.edu,qa,,Other,Calculation,CC BY-NC-SA 4.0,verified,https://ocw.mit.edu/terms/
7b40b45f494f7c9bef2989db5be540f28d1beb96cc5015dbf119b27396e99959,text,https://ocw.mit.edu/courses/3-23-electrical-optical-and-magnetic-properties-of-materials-fall-2007/pages/assignments/,ocw.mit.edu,qa,,Physics,Calculation,CC BY-NC-SA 4.0,verified,https://ocw.mit.edu/terms/
1ce6a26669ced141402d730d059545737bad5b0248f19237738e7942835622ee,text,https://ocw.mit.edu/courses/8-333-statistical-mechanics-i-statistical-mechanics-of-particles-fall-2013/pages/exams/,ocw.mit.edu,qa,,Physics,Calculation,CC BY-NC-SA 4.0,verified,https://ocw.mit.edu/terms/
542b439befa7c4f897348ce8e11a48106dd52ccaa32c900467d5689e66904099,text,https://www.brumo.org/archive,www.brumo.org,qa,,Math,Calculation,no licence stated,unverified,
ebc7e8897ae56da6b419fc1c332b40c55ba6d54873ce2cb4d0310d1d4c139044,text,https://web.evanchen.cc/exams/TSTST-2020.pdf,web.evanchen.cc,,,Math,Calculation,no licence stated,unverified,
048d60c6a44c92248975dff4a6b61f13c57b8292bfa804a06deeb54091fc8e56,text,https://ocw.mit.edu/courses/1-85-water-and-wastewater-treatment-engineering-spring-2006/pages/assignments/,ocw.mit.edu,qa,,Other,Calculation,CC BY-NC-SA 4.0,verified,https://ocw.mit.edu/terms/
59ec5e92d8be7b017f17bc16157a0b5fefc93bfc2183d0842d166f5f5b36fca8,text,https://ocw.mit.edu/courses/14-12-economic-applications-of-game-theory-fall-2012/download/,ocw.mit.edu,qa,,Math,Proof,CC BY-NC-SA 4.0,verified,https://ocw.mit.edu/terms/
483dbe47d2cf56a7446b3c021f047ee3126470ca7f0bb17abcde43719ed6be5f,text,https://ocw.mit.edu/courses/8-044-statistical-physics-i-spring-2013/resources/mit8_044s14_praexam2sol_03/,ocw.mit.edu,qa,,Physics,Proof,CC BY-NC-SA 4.0,verified,https://ocw.mit.edu/terms/
52f2de45bc04c05379a1564cdca16d7a2c7f9566754a323f9fcee10218120cb1,text,https://ocw.mit.edu/courses/6-641-electromagnetic-fields-forces-and-motion-spring-2005/pages/exams/,ocw.mit.edu,qa,,Physics,Calculation,CC BY-NC-SA 4.0,verified,https://ocw.mit.edu/terms/
a1b762d66cea4f3295e47985c38a630a48df70fa1ef90a7e325b7e6296386174,text,https://galois.math.ucdavis.edu/doku.php?do=media&id=mastersdegree&image=ggamf015.pdf&ns=&tab_details=view,galois.math.ucdavis.edu,qa,,Math,Calculation,no licence stated,verified,https://galois.math.ucdavis.edu/doku.php?id=start
f5ebbc5efe1de931dc679e673b1c105e9bf8538059b0c398302b421336b7bc64,text,https://ocw.mit.edu/courses/5-61-physical-chemistry-fall-2017/pages/assignments/,ocw.mit.edu,qa,,Physics,Calculation,CC BY-NC-SA 4.0,verified,https://ocw.mit.edu/terms/
29286ed271bae1a7e3cf85648c53d584866373ef3373a99dd2b120bdbb5337de,text,https://abinitiomp.org/teaching/mtle6120/,abinitiomp.org,qa,,Physics,Calculation,no licence stated,unverified,
baa6d6ead933aebea895e8b9c035418fb13243481d5c352f61b4c0c2781b2b45,text,https://ocw.mit.edu/courses/6-013-electromagnetics-and-applications-spring-2009/download/,ocw.mit.edu,qa,,Physics,Calculation,CC BY-NC-SA 4.0,verified,https://ocw.mit.edu/terms/
1a44c809dab73da936fae3095e02cf772d53b36d49464fd803cb33d52f9d41f3,text,https://physics.umd.edu/courses/Phys402/cohen05/402.htm,physics.umd.edu,qa,,Physics,Essay,no licence stated,unverified,
aafe38d0ced6ba8ab429c47155133cb1ac764651ad0e36f7ff52c104220415ff,text,https://ocw.mit.edu/courses/8-04-quantum-physics-i-spring-2013/resources/mit8_04s13_ps3_sol/,ocw.mit.edu,qa,,Physics,Calculation,CC BY-NC-SA 4.0,verified,https://ocw.mit.edu/terms/
b73c82d9dc44f75504428ca5aeab5bb1d133ea44f677ebb69f6bb500d9a9a1f9,text,https://ocw.mit.edu/courses/1-061-transport-processes-in-the-environment-fall-2008/pages/lecture-notes/,ocw.mit.edu,qa,,Physics,Calculation,CC BY-NC-SA 4.0,verified,https://ocw.mit.edu/terms/
4743c987df8405be7c0e947c0ec699bb9c9f7c066fa5359cb1dfe82f5b80630a,text,https://knzhou.github.io/,knzhou.github.io,qa,,Physics,Calculation,no licence stated,verified,https://knzhou.github.io/
56a4452a9ea78085e4811138e2bfab3566db5f668209d856c62efe9f76e10357,text,https://knzhou.github.io/,knzhou.github.io,qa,,Physics,Calculation,no licence stated,verified,https://knzhou.github.io/
4c94660eb5682bbf3b5eda0d8e5e57495478a4dfb3df77e0a059ecf96212df76,text,https://web.evanchen.cc/exams/TSTST-2021.pdf,web.evanchen.cc,,,Math,Calculation,no licence stated,unverified,
efb3d2eb2b1aba8a6ee0a4771fca7c2e6945e841ece31612b4b6ed56f6a30580,text,https://knzhou.github.io/,knzhou.github.io,qa,,Physics,Calculation,no licence stated,verified,https://knzhou.github.io/
78a23ae51a2c9eafe763d09dad5639e836a9cd7fdd8b76d9e86dacb55c169e29,text,https://ocw.mit.edu/courses/22-812j-managing-nuclear-technology-spring-2004/download/,ocw.mit.edu,qa,,Finance,Calculation,CC BY-NC-SA 4.0,verified,https://ocw.mit.edu/terms/
5d868eb1958b5e597ded9e9b2ecd7bef62f11afe986a7f62c65dd94aaa979091,text,https://knzhou.github.io/,knzhou.github.io,qa,,Physics,Calculation,no licence stated,verified,https://knzhou.github.io/
fbe5344656ca722472f0c0fc95e6eeb988717c458b4b850c0378b26923f6b8a9,text,https://physrefs.mit.edu/general-exam-preparation/,physrefs.mit.edu,qa,,Physics,Calculation,no licence stated,unverified,
3e8e689ca4159963aabd75228e19fb95271a41330214fd191d5573e7a7607cc6,text,https://ocw.mit.edu/courses/14-662-labor-economics-ii-spring-2015/download/,ocw.mit.edu,qa,,Other,Calculation,CC BY-NC-SA 4.0,verified,https://ocw.mit.edu/terms/
90b88f53105550ca2a59af27e091771a45532e055adec2811b0242d23923ea89,text,https://ocw.mit.edu/courses/12-005-applications-of-continuum-mechanics-to-earth-atmospheric-and-planetary-sciences-spring-2006/download/,ocw.mit.edu,qa,,Math,Calculation,CC BY-NC-SA 4.0,verified,https://ocw.mit.edu/terms/
ef41bcb0d98081e31bfa4eb47c1047cf764f5a51f4d033c69bead80e5f45a61d,text,https://physrefs.mit.edu/general-exam-preparation/,physrefs.mit.edu,qa,,Physics,Calculation,no licence stated,unverified,
2f94fbd4adc3fa164269157198603a221254a5b47c89807703e630bd14c9dacf,text,https://ocw.mit.edu/courses/6-642-continuum-electromechanics-fall-2008/download/,ocw.mit.edu,qa,,Physics,Calculation,CC BY-NC-SA 4.0,verified,https://ocw.mit.edu/terms/
16eaa8f44a64fda8f22bae1b896550be74dabd8312691183df3bd43c69fba9f7,text,https://ocw.mit.edu/courses/1-34-waste-containment-and-remediation-technology-spring-2004/pages/exams/,ocw.mit.edu,qa,,Other,Calculation,CC BY-NC-SA 4.0,verified,https://ocw.mit.edu/terms/
0e7712dabb5196fa273367e69114b88566ea6437cc7702473e2a0fecb3c8354b,text,https://ocw.mit.edu/courses/8-821-string-theory-fall-2008/download/,ocw.mit.edu,qa,,Physics,Calculation,CC BY-NC-SA 4.0,verified,https://ocw.mit.edu/terms/
61cb1bdd4f4e2ce195bbb774d792091738a4f56eaed6ddd2504eb986a34a6255,text,https://pages.uoregon.edu/raghu/TeachingFiles/Old%20Course%20Pages/Physics353Spring2008.html,pages.uoregon.edu,qa,,Physics,Calculation,no licence stated,unverified,
f71fd8b7e909c0dba89617c4438e628551cccd2be5b2184bc3e34b9066fdeb6c,text,https://classroom.physics.tamu.edu/elec-mag/previous-tests/,classroom.physics.tamu.edu,qa,,Physics,Calculation,no licence stated,unverified,
65a36a211da7cb7e773046e0d29879ff57828357f753fcdb7790bf1a29e6fe1e,text,https://web.evanchen.cc/exams/JMO-2018-notes.pdf,web.evanchen.cc,,,Math,Calculation,no licence stated,unverified,
7c8a395e4c82cb89355a72d4be527de5c20856c02051f1d432b95685749da4d3,text,https://knzhou.github.io/,knzhou.github.io,qa,,Physics,Calculation,no licence stated,verified,https://knzhou.github.io/
81536e29920c96ae49fd52ce22d22820d233c740db76602d01ce1fdc70a3c31a,text,https://www.aapt.org/physicsteam/PT-exams.cfm,www.aapt.org,qa,,Physics,Calculation,no licence stated,verified,https://www.aapt.org/physicsteam/PT-exams.cfm
a7e3636c3aee595f283a36afc379b276009af31c7d85c527ec14c01563574aaf,text,https://ocw.mit.edu/courses/15-083j-integer-programming-and-combinatorial-optimization-fall-2009/download/,ocw.mit.edu,qa,,Math,Calculation,CC BY-NC-SA 4.0,verified,https://ocw.mit.edu/terms/
a810224fbabe134b6b0d4283817b55291d0c2c34779ec26f5abf85c5f156c243,text,https://ocw.mit.edu/courses/1-203j-logistical-and-transportation-planning-methods-fall-2006/pages/exams/,ocw.mit.edu,qa,,Math,Calculation,CC BY-NC-SA 4.0,verified,https://ocw.mit.edu/terms/
6d71322e4233ef1f166a7f12777ef418e1527f638d4734729be69db8116ba032,text,https://knzhou.github.io/,knzhou.github.io,qa,,Physics,Calculation,no licence stated,verified,https://knzhou.github.io/
ef5119e8c05d991b94f267d4f5d4923e8f22bfabcce8be39e7c996e15a1e7d7f,text,https://aapt.org/physicsteam/PT-exams.cfm,aapt.org,qa,,Physics,Calculation,no licence stated,verified,https://www.aapt.org/physicsteam/PT-exams.cfm
fb12e829cca0ad7cfa2665b34c6b6fa17c5995353ad78b99a110d8be4597b38f,text,https://galois.math.ucdavis.edu/doku.php?do=media&id=mathlinks&image=ggamf013.pdf&ns=&tab_details=view,galois.math.ucdavis.edu,qa,,Physics,Calculation,no licence stated,verified,https://galois.math.ucdavis.edu/doku.php?id=start
0e4910bf730d8887056e63f4f8a4182e15cbe62bdfeaa3a4ddd97ad1c6c61a4e,text,https://knzhou.github.io/,knzhou.github.io,qa,,Physics,Calculation,no licence stated,verified,https://knzhou.github.io/
daa9d0a4b15142cf13f6f1830597ea80ec2ad36e280793fcfe11da64d230e818,text,https://ocw.mit.edu/courses/8-07-electromagnetism-ii-fall-2012/download/,ocw.mit.edu,qa,,Physics,Calculation,CC BY-NC-SA 4.0,verified,https://ocw.mit.edu/terms/
90bfd4553eee2044c2d5a599e9cfd1833e8bf8439b514a5a04c89a13612722df,text,https://web.evanchen.cc/exams/USEMO-2023.pdf,web.evanchen.cc,,,Math,Proof,no licence stated,unverified,
e3274d224bff05276b54474444f1947cb08cdb3b17cf13c90a98679c5af52890,text,https://web.evanchen.cc/exams/IMO-2024-notes.pdf,web.evanchen.cc,,,Math,Proof,no licence stated,unverified,
de5edc83bc7bdf7e3307eecaeae7b59c947b9d88c11ac0f36954dede256f2337,text,https://ocw.mit.edu/courses/7-03-genetics-fall-2004/download/,ocw.mit.edu,qa,,Biology,Essay,CC BY-NC-SA 4.0,verified,https://ocw.mit.edu/terms/
c3b60b6e1d91980a0e06efca93716847a59b8ddd2f23feb35d6092f1cbc6adcc,text,https://ocw.mit.edu/courses/6-896-theory-of-parallel-hardware-sma-5511-spring-2004/resources/fsol/,ocw.mit.edu,qa,,Other,Calculation,CC BY-NC-SA 4.0,verified,https://ocw.mit.edu/terms/
6dabaea043b59fc0d6f720ef5d1da7ae013ff37689f4e8cc2d80a0e1a70d219e,text,https://ocw.mit.edu/courses/22-611j-introduction-to-plasma-physics-i-fall-2006/resources/pset2sol_02/,ocw.mit.edu,qa,,Physics,Calculation,CC BY-NC-SA 4.0,verified,https://ocw.mit.edu/terms/
9e168b36eee866a7412ec96874c8e82fb107eeec8581f8cfc7b78e2e93eab6f6,text,https://ocw.mit.edu/courses/6-642-continuum-electromechanics-fall-2008/download/,ocw.mit.edu,qa,,Physics,Derivation,CC BY-NC-SA 4.0,verified,https://ocw.mit.edu/terms/
b0234c3301e2fec0a08ed0770eb7c18fe0eac47f3f04bdf8a90f3fc643e23e45,text,https://aapt.org/physicsteam/PT-exams.cfm,aapt.org,qa,,Physics,Calculation,no licence stated,verified,https://www.aapt.org/physicsteam/PT-exams.cfm
f146e46e347802ada82845d0ddc42135c1a924b6f195c4b2d556c544f51942f7,text,https://ocw.mit.edu/courses/14-453-macroeconomic-theory-iii-fall-2006/pages/assignments/,ocw.mit.edu,qa,,Math,Calculation,CC BY-NC-SA 4.0,verified,https://ocw.mit.edu/terms/
8320d786b7e1205273780ef8149d6eb80ed73db30f725c044501734f0ad06663,text,https://galois.math.ucdavis.edu/doku.php?do=media&id=srag&image=ggamf015.pdf&ns=&tab_details=view,galois.math.ucdavis.edu,qa,,Physics,Calculation,no licence stated,verified,https://galois.math.ucdavis.edu/doku.php?id=start
db8dabc953dd2889f640e3187d586dbbf8d358a8092831b18daec874eeba8760,text,https://ocw.mit.edu/courses/14-02-principles-of-macroeconomics-spring-2023/pages/quizzes/,ocw.mit.edu,qa,,Other,Calculation,CC BY-NC-SA 4.0,verified,https://ocw.mit.edu/terms/
6d361ad8d2cc09f3e33e523e20273d74bc3a73aac59cb4032b8fc698a6fe6389,text,https://ocw.mit.edu/courses/16-01-unified-engineering-i-ii-iii-iv-fall-2005-spring-2006/resources/thermo2003quizsol/,ocw.mit.edu,qa,,Physics,Calculation,CC BY-NC-SA 4.0,verified,https://ocw.mit.edu/terms/
3380cdc1a49f06bf7e9faccc895f1181baa2fdfad2533aadfac3ee3647602b7c,text,https://ocw.mit.edu/courses/8-07-electromagnetism-ii-fall-2012/pages/exams/,ocw.mit.edu,qa,,Physics,Calculation,CC BY-NC-SA 4.0,verified,https://ocw.mit.edu/terms/
3e4773d06cf1ec7f86bb7002edeb5bd7138152f0a279fbcd0c0603db4a790654,text,https://ocw.mit.edu/courses/22-313j-thermal-hydraulics-in-power-technology-spring-2007/download/,ocw.mit.edu,qa,,Physics,Essay,CC BY-NC-SA 4.0,verified,https://ocw.mit.edu/terms/
c17267c749697f30b430998e651bffae5f80dc1dd0256e5e89818cb4d9123b97,text,https://web.evanchen.cc/exams/USAMO-2024-notes.pdf,web.evanchen.cc,,,Math,Proof,no licence stated,unverified,
852deec0ed08dae3d7743dabe2c613454ac001683a1ed4f8c87217ae07b57b41,text,https://ocw.mit.edu/courses/18-366-random-walks-and-diffusion-fall-2006/download/,ocw.mit.edu,qa,,Physics,Calculation,CC BY-NC-SA 4.0,verified,https://ocw.mit.edu/terms/
1a1d79fec58c187858139764cdf905d1c8ccd6d24f85a5f6846f07636b15438b,text,https://physics.montana.edu/grad/qualifyingexam_archive.html,physics.montana.edu,qa,,Physics,Calculation,no licence stated,unverified,
43f1d8f9e0ef05bfb56cbfde7e555fd4d0c1982d078577820847ffb4e7f509dd,text,https://knzhou.github.io/,knzhou.github.io,qa,,Physics,Calculation,no licence stated,verified,https://knzhou.github.io/
bf19b641549b69e7b1db5bda2f1cd0b15a4e482a04cb07d8dbd4fdd6cd5ecd72,text,https://galois.math.ucdavis.edu/doku.php?do=media&id=srsem&image=ggamf013.pdf&ns=&tab_details=view,galois.math.ucdavis.edu,qa,,Math,Calculation,no licence stated,verified,https://galois.math.ucdavis.edu/doku.php?id=start
cd16a9376cd71289aa3ec4147e4224a4741324c51d4851285db0447d6330b58f,text,https://ocw.mit.edu/courses/2-22-design-principles-for-ocean-vehicles-13-42-spring-2005/pages/assignments/,ocw.mit.edu,qa,,Physics,Calculation,CC BY-NC-SA 4.0,verified,https://ocw.mit.edu/terms/
530d933a0a107be079a2741555601d095a1da60ce44c8e4558c48aaab5f3ec7d,text,https://physics.yale.edu/academics/graduate-studies/graduate-student-handbook/qualifying-exam-past-exams,physics.yale.edu,qa,,Physics,Calculation,no licence stated,unverified,
ae3a70eda2bde02d016a977a4993893c44c8df03e0913dc08c89014694a327d9,text,https://ocw.mit.edu/courses/14-27-economics-and-e-commerce-fall-2014/pages/exams/,ocw.mit.edu,qa,,Economics,Calculation,CC BY-NC-SA 4.0,verified,https://ocw.mit.edu/terms/
693e6e45cbc5e252e6970db96459efdfc456e4e17507872574fde19f568dde9e,text,https://ocw.mit.edu/courses/8-04-quantum-physics-i-spring-2013/resources/mit8_04s13_ps1_sol/,ocw.mit.edu,qa,,Physics,Proof,CC BY-NC-SA 4.0,verified,https://ocw.mit.edu/terms/
532ab106b4d7cfbc52db92becca50b522e3d2730a611844edc6720cafedc5699,text,https://ocw.mit.edu/courses/18-085-computational-science-and-engineering-i-fall-2008/resources/pset8/,ocw.mit.edu,qa,,Math,Calculation,CC BY-NC-SA 4.0,verified,https://ocw.mit.edu/terms/
7ec6065c17374cc2f70178d1b352441a8fe147baed2cd6ef0b8657944f6df884,text,https://ocw.mit.edu/courses/15-401-finance-theory-i-fall-2008/resources/final-exam-review-slides/,ocw.mit.edu,qa,,Finance,Calculation,CC BY-NC-SA 4.0,verified,https://ocw.mit.edu/terms/
212cb2c1a1e943e91d1a4c1751c440b4f7cc997d2bbd851c0d14e05fb430ff38,text,https://galois.math.ucdavis.edu/doku.php?do=media&id=qualadvice&image=ggamf015.pdf&ns=&tab_details=view,galois.math.ucdavis.edu,qa,,Math,Derivation,no licence stated,verified,https://galois.math.ucdavis.edu/doku.php?id=start
56638143c9f6fd2da723bb35fd4f8ba7d25255940e3f6422ae68685d6c72e8d5,text,https://www.physics.purdue.edu/~jones105/phys42200_Spring2015/index.html,www.physics.purdue.edu,qa,,Physics,Calculation,no licence stated,unverified,
0baea0bf5af52e886023a07c8d19ad119e3354b477b030b64c54f5b378ccb82d,text,https://www.ruf.rice.edu/~eulers/prevtests.html,www.ruf.rice.edu,qa,,Math,Calculation,no licence stated,unverified,
4c8f2fa5e985e5ca51f1dcb1649acb35dbac436f525d17aa74d61d07dc9ff02e,text,https://knzhou.github.io/,knzhou.github.io,qa,,Physics,Calculation,no licence stated,verified,https://knzhou.github.io/
c10f65cf75cd308bb9831423b287118e9791f56d40314f6eea1f066728cdba0e,text,https://www.aapt.org/physicsteam/PT-exams.cfm,www.aapt.org,qa,,Physics,Calculation,no licence stated,verified,https://www.aapt.org/physicsteam/PT-exams.cfm
fca5303c8fc2e959fbccdfd71b080b850c75fbf134699d88e16e63fb8a964bc7,text,https://www.cse.iitb.ac.in/~mythili/teaching/cs653_spring2014/index.html,www.cse.iitb.ac.in,qa,,Other,Calculation,no licence stated,unverified,
a3e44c54bf7767c2447b2f986df9de30ca889df1f45fe03194b13d7c9f87871f,text,https://ocw.mit.edu/courses/6-451-principles-of-digital-communication-ii-spring-2005/pages/exams/,ocw.mit.edu,qa,,Math,Essay,CC BY-NC-SA 4.0,verified,https://ocw.mit.edu/terms/
5fc46980439c10b61f100ddd8bf61ceb397603e06ec6f6ee6d3c317e9fbebd7a,text,https://ocw.mit.edu/courses/3-22-mechanical-behavior-of-materials-spring-2008/download/,ocw.mit.edu,qa,,Physics,Calculation,CC BY-NC-SA 4.0,verified,https://ocw.mit.edu/terms/
3dc680353c39b886ec77fc4105adabbecf40973d4913d1689210215e4f0a8d2c,text,https://galois.math.ucdavis.edu/doku.php?do=media&id=residency&image=ggamf012.pdf&ns=&tab_details=view,galois.math.ucdavis.edu,qa,,Math,Calculation,no licence stated,verified,https://galois.math.ucdavis.edu/doku.php?id=start
9f47ac3f1a098c65f4621b9b09e94e02b57c035dce8f86f0379d1cbb0ab15909,text,https://www.fys.ku.dk/~jjensen/SolidState/Undervisning.htm,www.fys.ku.dk,qa,,Physics,Calculation,no licence stated,unverified,
761405d6318ce679abae0bbf1cbc2602beadd4be95924f8d569a5d0c8f43191f,text,https://ocw.mit.edu/courses/6-245-multivariable-control-systems-spring-2004/resources/ps7sol_6245_2004/,ocw.mit.edu,qa,,Math,Proof,CC BY-NC-SA 4.0,verified,https://ocw.mit.edu/terms/
b3cc150b2a17feddf98ff72ee6f25d5a71a6e8c6b32f828d1bb96f4dcba19e1d,text,https://ocw.mit.edu/courses/6-451-principles-of-digital-communication-ii-spring-2005/download/,ocw.mit.edu,qa,,Math,Calculation,CC BY-NC-SA 4.0,verified,https://ocw.mit.edu/terms/
39d7da82ab1fe5412dacad723d826213f1c740ef4f160eccd217a0c9d9f3b66a,text,https://knzhou.github.io/,knzhou.github.io,qa,,Physics,Calculation,no licence stated,verified,https://knzhou.github.io/
2ecffc530b2c8540d6f23c889522a377a342702d292a1c5f65795b3c9ccb5016,text,https://ocw.mit.edu/courses/16-01-unified-engineering-i-ii-iii-iv-fall-2005-spring-2006/resources/pset12_sol_04/,ocw.mit.edu,qa,,Math,Calculation,CC BY-NC-SA 4.0,verified,https://ocw.mit.edu/terms/
01fb9b177fae24c1e95fe6db96692f68ede9e1d91185daf2d993977bc796b477,text,https://knzhou.github.io/,knzhou.github.io,qa,,Physics,Calculation,no licence stated,verified,https://knzhou.github.io/
834992e14ef44029bbf368f1610bffa99479a39ad32fe420e77d5ee2ac51093a,text,https://ocw.mit.edu/courses/8-334-statistical-mechanics-ii-statistical-physics-of-fields-spring-2014/download/,ocw.mit.edu,qa,,Physics,Calculation,CC BY-NC-SA 4.0,verified,https://ocw.mit.edu/terms/
8a17a7f101684789f884261b3ccfbfb763612694b6368e41eb2e42a3418f3a27,text,https://web.evanchen.cc/exams/USEMO-2024.pdf,web.evanchen.cc,,,Math,Proof,no licence stated,unverified,
e843b19cacb769ea9db92b68f528039c81ef895a151f619689d4d33e864e9e9b,text,https://ocw.mit.edu/courses/16-01-unified-engineering-i-ii-iii-iv-fall-2005-spring-2006/pages/assignments/,ocw.mit.edu,qa,,Physics,Calculation,CC BY-NC-SA 4.0,verified,https://ocw.mit.edu/terms/
87c22166c1231de2ab6704e61b138f5c0d5c29d0c91baa148db2bf5fa42732ed,text,http://users.wfu.edu/ecarlson/cosmo2/index.html,users.wfu.edu,qa,,Physics,Calculation,no licence stated,unverified,
1581b9949b4e611540cc2b4a02f6e06d905f5ff34b20a16932982493e7e1cb0d,text,https://ocw.mit.edu/courses/8-334-statistical-mechanics-ii-statistical-physics-of-fields-spring-2014/pages/exams/,ocw.mit.edu,qa,,Physics,Calculation,CC BY-NC-SA 4.0,verified,https://ocw.mit.edu/terms/
573652af7dfe2e2c54afe8485fb971deb97597777b19ca78e41843a64f2ad9db,text,https://ocw.mit.edu/courses/8-324-relativistic-quantum-field-theory-ii-fall-2010/pages/assignments/,ocw.mit.edu,qa,,Physics,Calculation,CC BY-NC-SA 4.0,verified,https://ocw.mit.edu/terms/
616b1a196ea31950c7865d73c239623dc3d399b4c7685fe8382edf35fbc757a4,text,https://galois.math.ucdavis.edu/doku.php?do=media&id=fundraiser&image=ggams015.pdf&ns=&tab_details=view,galois.math.ucdavis.edu,qa,,Math,Calculation,no licence stated,verified,https://galois.math.ucdavis.edu/doku.php?id=start
a286074807d92c6d9d8134ccc486d8bcd50edfbbb37a7fb07a6cfd9741a4c983,text,https://webhome.phy.duke.edu/~mehen/182/hw.html,webhome.phy.duke.edu,qa,,Physics,Calculation,no licence stated,unverified,
49d5fdff9cced5f679504b96a06ca9aeff54b0d954d76459f4092db1ab237b64,text,https://web.evanchen.cc/exams/TSTST-2024.pdf,web.evanchen.cc,,,Math,Proof,no licence stated,unverified,
1962c6e23379d6e1666073e11f42f47efe18872fd43a36fd58d3fe7768e9e3c4,text,https://ocw.mit.edu/courses/6-243j-dynamics-of-nonlinear-systems-fall-2003/download/,ocw.mit.edu,qa,,Math,Proof,CC BY-NC-SA 4.0,verified,https://ocw.mit.edu/terms/
3d8aa3b33e6503c27f2761f1dec62bfa806c77be77fb8b7a61472a77e8228b9a,text,https://ocw.mit.edu/courses/8-334-statistical-mechanics-ii-statistical-physics-of-fields-spring-2014/download/,ocw.mit.edu,qa,,Physics,Calculation,CC BY-NC-SA 4.0,verified,https://ocw.mit.edu/terms/
7dcec3a5b7a39fc9c081a2dd2edfc2f88856b4a2ee44162cb39d2e5d3bbab07a,text,https://ocw.mit.edu/courses/8-334-statistical-mechanics-ii-statistical-physics-of-fields-spring-2014/download/,ocw.mit.edu,qa,,Physics,Calculation,CC BY-NC-SA 4.0,verified,https://ocw.mit.edu/terms/
7323b8ac2b6696d2437700049d5ae98b6c1872f90b5a6dfb3510a4de15e90e41,text,http://eduardo.physics.illinois.edu/phys504/homepage/physics504.html,eduardo.physics.illinois.edu,qa,,Physics,Calculation,no licence stated,unverified,
1057e483be49ecb8503d3b9b365e38fa67b6975c1abe2419f6247e944f2211ca,text,https://knzhou.github.io/,knzhou.github.io,qa,,Physics,Calculation,no licence stated,verified,https://knzhou.github.io/
b8d358b1a999b0ee6f5905b28bf50be0ccf8574f51afd8b3f6258d1fb4e06970,text,http://users.wfu.edu/ecarlson/cosmo2/index.html,users.wfu.edu,qa,,Physics,Calculation,no licence stated,unverified,
852caa9114aac224bc0a1670ab6efc9640a155a2803a2b473b911e2c65a6f699,text,https://homepage.physics.uiowa.edu/~jhalekas/teaching/eandm1_2019/notes.html,homepage.physics.uiowa.edu,qa,,Physics,Calculation,no licence stated,unverified,
d8fbca1613e187490c5367d76940580023c3739f81e3529beb13b74ae8824734,text,https://www.math.harvard.edu/graduate/study-the-qualifying-exam/some-old-qualifying-exams/,www.math.harvard.edu,qa,,Math,Calculation,no licence stated,unverified,
9870365142ec8f14bbaf786e5d0375f370a6df3be995a86c4d0a326b7e1b7382,text,https://ocw.mit.edu/courses/14-123-microeconomic-theory-iii-spring-2015/download/,ocw.mit.edu,qa,,Finance,Calculation,CC BY-NC-SA 4.0,verified,https://ocw.mit.edu/terms/
44c79bedd367e1301c8395f6b54f833ed1049e29fcb668a33bdc5ac84f97470a,text,https://knzhou.github.io/,knzhou.github.io,qa,,Physics,Calculation,no licence stated,verified,https://knzhou.github.io/
ae5985358eff2a0e215fe169ae4dde429efd10aa453ebac44b9e11de641d9986,text,https://ocw.mit.edu/courses/8-01x-physics-i-classical-mechanics-with-an-experimental-focus-fall-2002/pages/exams/,ocw.mit.edu,qa,,Physics,Calculation,CC BY-NC-SA 4.0,verified,https://ocw.mit.edu/terms/
2a0ffa0088da4f314bc764caddfdebc3139adf436bb725067aa73ef99b7de0a0,text,https://ocw.mit.edu/courses/6-046j-introduction-to-algorithms-sma-5503-fall-2005/download/,ocw.mit.edu,qa,,Math,Calculation,CC BY-NC-SA 4.0,verified,https://ocw.mit.edu/terms/
960ce086a7aed4fefb087ac744af6a8e059469b71cc002a36ab1d7c6c4f5d54c,text,https://ocw.mit.edu/courses/3-205-thermodynamics-and-kinetics-of-materials-fall-2006/download/,ocw.mit.edu,qa,,Physics,Calculation,CC BY-NC-SA 4.0,verified,https://ocw.mit.edu/terms/
ef4588d45ec29a559a808d41424c4819aa6ee6db1b3a3b2919d65a3706e68ab2,text,https://arielrubinstein.tau.ac.il/gamet/index.html,arielrubinstein.tau.ac.il,qa,,Math,Essay,no licence stated,unverified,
8a71d27be8a351fd45f20aad7c655b647111ceeccc19a1645c573f6eeb297d48,text,https://smp.uq.edu.au/uq-qamt-problem-solving-competition,smp.uq.edu.au,qa,,Math,Calculation,no licence stated,unverified,
94d2bd60c3c870e756eb6f126fdbd52c3031fe10616f0c937f6ca914e7fd9e5c,text,https://classroom.physics.tamu.edu/elec-mag/previous-tests/,classroom.physics.tamu.edu,qa,,Physics,Calculation,no licence stated,unverified,
c7c1f4bcd0db7351725723e6fd4089827dcd0de9f157ee1a8627b011bf23ea77,text,https://knzhou.github.io/,knzhou.github.io,qa,,Physics,Calculation,no licence stated,verified,https://knzhou.github.io/
c08415ca453d7d21f7330ae4192db9ced6bd5a8ee094fabce5c0c5b6a1b4cea6,text,https://ocw.mit.edu/courses/8-012-physics-i-classical-mechanics-fall-2008/download/,ocw.mit.edu,qa,,Physics,Calculation,CC BY-NC-SA 4.0,verified,https://ocw.mit.edu/terms/
e852becccff0c55cbc36e3b49dc5c11ca07c4a1c6df7b7ee4e2fa05c950a6c85,text,https://ocw.mit.edu/courses/14-271-industrial-organization-i-fall-2022/download/,ocw.mit.edu,qa,,Math,Calculation,CC BY-NC-SA 4.0,verified,https://ocw.mit.edu/terms/
1a0166184b4079d0ff5094300206633e0c9ccfa64643434813e08d67ec97d777,text,https://www.nbi.dk/~petersen/Teaching/AppliedStatistics2018.html,www.nbi.dk,qa,,Math,Calculation,no licence stated,unverified,
1b32e5addda09433b0a7c706394a2aabc892aa51815bdc1670a4757f538011a6,text,https://knzhou.github.io/,knzhou.github.io,qa,,Physics,Calculation,no licence stated,verified,https://knzhou.github.io/
5c56faacc6e2ffb10979b28ba958bbf1a221daed011677a6f25c9d4c4759e39d,text,https://web.evanchen.cc/exams/IMO-2004-notes.pdf,web.evanchen.cc,,,Math,Calculation,no licence stated,unverified,
41f32cdd4481d040cacbb84df98fb1c7f17c2ec06a8efd05c2c4caccbee68fd7,text,https://ocw.mit.edu/courses/3-012-fundamentals-of-materials-science-fall-2005/resources/f04ps9_sol/,ocw.mit.edu,qa,,Physics,Calculation,CC BY-NC-SA 4.0,verified,https://ocw.mit.edu/terms/
58f2a3cb0df57d329c003dae8c7daa1f8a3edef13280c313d37c70fa186e201f,text,https://ocw.mit.edu/courses/16-001-unified-engineering-materials-and-structures-fall-2021/download/,ocw.mit.edu,qa,,Physics,Essay,CC BY-NC-SA 4.0,verified,https://ocw.mit.edu/terms/
b062c068eea6b9664aaa5b05aafa3b7d7c18f59d91a2607d60ce773a6085a5c4,text,https://galois.math.ucdavis.edu/doku.php?do=media&id=officers&image=ggamf014.pdf&ns=&tab_details=view,galois.math.ucdavis.edu,qa,,Physics,Calculation,no licence stated,verified,https://galois.math.ucdavis.edu/doku.php?id=start
3ea1606df150bb50d9c83ace6d422004ea4b6644f0a620b14bac357ec7bce0a8,text,http://moller.physics.berkeley.edu/~phys7a/,moller.physics.berkeley.edu,qa,,Physics,Calculation,no licence stated,unverified,
b8f4b6900854bbdf820b20eafb251dd74dd717aacb07af71d11c74cf83dd8866,text,https://physics.umd.edu/courses/Phys601/cohen/Fall10/index.html,physics.umd.edu,qa,,Physics,Calculation,no licence stated,unverified,
955def028b32d94ba611cf78cac2d0f860d2c50b43e83c604766da4f2bc12c94,text,https://knzhou.github.io/,knzhou.github.io,qa,,Physics,Calculation,no licence stated,verified,https://knzhou.github.io/
1948a80af7981a26e09d85f6558b732b9a085935a8b3c1ad1df3739ff1bab695,text,https://ocw.mit.edu/courses/3-20-materials-at-equilibrium-sma-5111-fall-2003/resources/ps2solns/,ocw.mit.edu,qa,,Physics,Proof,CC BY-NC-SA 4.0,verified,https://ocw.mit.edu/terms/
f445422bf4dadbc376baf305bc2a139f830b9016f852a735e1fa19c22ade406b,text,https://www.math.harvard.edu/graduate/study-the-qualifying-exam/some-old-qualifying-exams/,www.math.harvard.edu,qa,,Math,Essay,no licence stated,unverified,
ba483c016b1d816c67869ada1954c3bb4ede1638c71fd28aca9e0fead0093257,text,http://www.phys.ufl.edu/~thorn/homepage/qftinfo.html,www.phys.ufl.edu,qa,,Physics,Calculation,no licence stated,unverified,
9bba174e51c94b81c03339f72190da5b924971f701c3f271cb8a95f27fd41e67,text,https://scalettar.physics.ucdavis.edu/p104b/physics104b.html,scalettar.physics.ucdavis.edu,qa,,Physics,Calculation,no licence stated,unverified,
ef50d95da7cff290c5ef9e86eba36ca1ad437da086e0929e378814d2ba375a0c,text,https://web.evanchen.cc/exams/IMO-2015-notes.pdf,web.evanchen.cc,,,Math,Calculation,no licence stated,unverified,
716b605ff1dbf3ad0207b85dc08ab9d59c710ed35ea0d6c2bb9fd1ec21e7d6c2,text,https://web.evanchen.cc/exams/USAMO-2018-notes.pdf,web.evanchen.cc,,,Math,Proof,no licence stated,unverified,
5671a46b49e794bbf4dd63cc50da7c7fb64d9792dfc97505e92f9d204fe59dfc,text,http://robotics.caltech.edu/wiki/index.php/ME_CDS_EE_234,robotics.caltech.edu,qa,,Physics,Essay,no licence stated,unverified,
83d944ce9f3c19a3bda1e8fcfccf090e7660a707fb31351f2b10407f4d190dc1,text,https://knzhou.github.io/,knzhou.github.io,qa,,Physics,Calculation,no licence stated,verified,https://knzhou.github.io/
534b405d3befd20dff624082d18c2dd1b00f6fb5f987ab2d16ef74efca3f42d7,text,http://users.wfu.edu/ecarlson/qft/index.html,users.wfu.edu,qa,,Physics,Proof,no licence stated,unverified,
f769943dd7b3df2482c17fbf2c02d216afeb5c770d25eda40269ee7d8c7236ee,text,https://ocw.mit.edu/courses/3-012-fundamentals-of-materials-science-fall-2005/download/,ocw.mit.edu,qa,,Chemistry,Essay,CC BY-NC-SA 4.0,verified,https://ocw.mit.edu/terms/
2a5da203e958006b3b3173244bc409a05867aabc8e051363dce69870fce63d75,text,https://knzhou.github.io/,knzhou.github.io,qa,,Physics,Calculation,no licence stated,verified,https://knzhou.github.io/
e53bc789d6d0634d7dc6f56e0a2a58bad0ffd586875019a845360143926bda97,text,https://physics.montana.edu/grad/qualifyingexam_archive.html,physics.montana.edu,qa,,Physics,Calculation,no licence stated,unverified,
99d40d0ee83444072ba234b86193be566c30569c25e7a57dccf150c256f75a24,text,https://physics.yale.edu/academics/graduate-studies/graduate-student-handbook/qualifying-exam-past-exams,physics.yale.edu,qa,,Physics,Calculation,no licence stated,unverified,
9a5182051d85a02b3887e9c65fba1001c93e76f17c345209447a84d96b5e3e10,text,https://ocw.mit.edu/courses/2-080j-structural-mechanics-fall-2013/pages/quizzes/,ocw.mit.edu,qa,,Physics,Calculation,CC BY-NC-SA 4.0,verified,https://ocw.mit.edu/terms/
299742e7c22ebd6d93f5daef6b4de53d15b261495b1a6e3ac91f436c7c979c70,text,https://ocw.mit.edu/courses/18-034-honors-differential-equations-spring-2004/pages/exams/,ocw.mit.edu,qa,,Math,Calculation,CC BY-NC-SA 4.0,verified,https://ocw.mit.edu/terms/
a7ddbe3dc368cf61b4ce54ab911b602bdc94157b79cdd2cf966db0e719d05609,text,https://www.aapt.org/physicsteam/2013/exams.cfm,www.aapt.org,qa,,Physics,Calculation,no licence stated,verified,https://www.aapt.org/physicsteam/PT-exams.cfm
e5e4211a7e6f284351dd23f26411e71a9eb6cd6557cb362879e52802fda4f529,text,http://www.cs.umd.edu/class/spring2019/cmsc330/,www.cs.umd.edu,qa,,Math,Calculation,no licence stated,unverified,
2034f16424becb19185088a4bbb3e11060ccbe3be11945571fd6fac85d9246be,text,https://ocw.mit.edu/courses/2-171-analysis-and-design-of-digital-control-systems-fall-2006/download/,ocw.mit.edu,qa,,Physics,Calculation,CC BY-NC-SA 4.0,verified,https://ocw.mit.edu/terms/
ca04deb8bfa76ef53676399a3a71b68b45794511de719802984984de49efac5a,text,https://ocw.mit.edu/courses/1-85-water-and-wastewater-treatment-engineering-spring-2006/pages/assignments/,ocw.mit.edu,qa,,Other,Calculation,CC BY-NC-SA 4.0,verified,https://ocw.mit.edu/terms/
63e65b285089e5e7d9e395bb046747b457a0543d42ed43d28fd91b8d73ca7ff5,text,https://ocw.mit.edu/courses/3-052-nanomechanics-of-materials-and-biomaterials-spring-2007/pages/assignments/,ocw.mit.edu,qa,,Medical,Essay,CC BY-NC-SA 4.0,verified,https://ocw.mit.edu/terms/
72e30ba9d412fc49988d4504b6f28e259b5a47158c3a52a847cae8bed09714fd,text,https://galois.math.ucdavis.edu/doku.php?do=media&id=residency&image=ggamf015.pdf&ns=&tab_details=view,galois.math.ucdavis.edu,qa,,Physics,Calculation,no licence stated,verified,https://galois.math.ucdavis.edu/doku.php?id=start
e90b30424e9641bec610efa82e8a3a7686f4518508af717ba0c9c668520353f3,text,http://users.wfu.edu/ecarlson/particles/index.html,users.wfu.edu,qa,,Physics,Essay,no licence stated,unverified,
50c5439bc22b7a272fa7629afe154c231bff642cc8477328ee7dc960c880f993,text,https://www.pianetachimica.it/giochi/nazioni/USA_2017_Nat_Exam_Part2_andkey.pdf,www.pianetachimica.it,,,Chemistry,Proof,no licence stated,unverified,
9175d6db33f4ccb3657ad5e27f1aa8fa77fc2b858bb5e69f46878774bb73e563,text,https://galois.math.ucdavis.edu/doku.php?do=media&id=prelim_solns&image=ggamf013.pdf&ns=&tab_details=view,galois.math.ucdavis.edu,qa,,Math,Calculation,no licence stated,verified,https://galois.math.ucdavis.edu/doku.php?id=start
132f0486416cfea2bc680e0bce966757edeba9dfba5917d3b542525146f1f0f6,text,http://scipp.ucsc.edu/~haber/ph214/EMFT_Exercises.pdf,scipp.ucsc.edu,book,Electromagnetic Field Theory - Exercises (companion),Physics,Calculation,no licence stated,unverified,
41dbddb60d628944e212948013b661c3a125a7e8a8393d6829a2bfd29ff8499a,text,https://galois.math.ucdavis.edu/doku.php?do=media&id=srag&image=ggamf014.pdf&ns=&tab_details=view,galois.math.ucdavis.edu,qa,,Math,Calculation,no licence stated,verified,https://galois.math.ucdavis.edu/doku.php?id=start
4a9a832335f09cbfee6abb19e8998141bb65e40523bdf84223d619fc9de130ed,text,https://www.physics.rutgers.edu/~haule/501/,www.physics.rutgers.edu,qa,,Physics,Calculation,no licence stated,unverified,
06f61c608388bdd377dacf2eb9aefcda6d262b886807b6035c491461dc9f382f,text,https://web.evanchen.cc/elmo/problems.html,web.evanchen.cc,qa,,Math,Proof,no licence stated,unverified,
21e7284c086a777188debbc846e7060eb6ebdeed60ca8a7c7d093b31165a1b38,text,https://ocw.mit.edu/courses/14-462-advanced-macroeconomics-ii-spring-2004/pages/assignments/,ocw.mit.edu,qa,,Finance,Calculation,CC BY-NC-SA 4.0,verified,https://ocw.mit.edu/terms/
4b90e9e0a5b72c67d8eb26d4c469ff573fe4b1decc72d0bedf737d79014bde99,text,http://gilrefael.org/ph135/,gilrefael.org,qa,,Physics,Calculation,no licence stated,unverified,
320365b66de868614be20263a926ab1fbb7ad1821e6d67c8b3901a261e4812ae,text,https://ocw.mit.edu/courses/5-80-small-molecule-spectroscopy-and-dynamics-fall-2008/pages/assignments/,ocw.mit.edu,qa,,Chemistry,Calculation,CC BY-NC-SA 4.0,verified,https://ocw.mit.edu/terms/
d3824c51153099297145a3f857b7dfdaad8aaab1084db3c3d77212fb59a77a27,text,https://ocw.mit.edu/courses/8-07-electromagnetism-ii-fall-2012/pages/exams/,ocw.mit.edu,qa,,Physics,Calculation,CC BY-NC-SA 4.0,verified,https://ocw.mit.edu/terms/
b9913f46d7bc02c9cea58b7563f9da0e658e067d42c4924aca37920ea7c5fb68,text,https://ocw.mit.edu/courses/6-856j-randomized-algorithms-fall-2002/resources/ans10/,ocw.mit.edu,qa,,Math,Calculation,CC BY-NC-SA 4.0,verified,https://ocw.mit.edu/terms/
101dd84966a71b63bec0b304333561ff0131b3bb325c0d6b1b2dad4c638f1d6c,text,https://ocw.mit.edu/courses/2-71-optics-spring-2014/pages/assignments/,ocw.mit.edu,qa,,Physics,Calculation,CC BY-NC-SA 4.0,verified,https://ocw.mit.edu/terms/
4f3ffb8654baa6593c909dcedb85d7b29611b3650ac0cdb849ae1105e8888a26,text,https://ocw.mit.edu/courses/6-011-introduction-to-communication-control-and-signal-processing-spring-2010/download/,ocw.mit.edu,qa,,Math,Calculation,CC BY-NC-SA 4.0,verified,https://ocw.mit.edu/terms/
8afb7d12160c70bd410b04b48d65644cdcede3f86609498bc469e77fcaf6fb68,text,https://physrefs.mit.edu/general-exam-preparation/,physrefs.mit.edu,qa,,Physics,Calculation,no licence stated,unverified,
351aaec0b5fa00c4b3d170ac53e24ccde0d93de55ef2161743dfed14255aef04,text,https://physics.yale.edu/academics/graduate-studies/graduate-student-handbook/qualifying-exam-past-exams,physics.yale.edu,qa,,Physics,Calculation,no licence stated,unverified,
b3c12fc5c05681ea72b5de8c63bd4c511dc08e7ab618e3c841f44c32907da429,text,https://www.phy.cuhk.edu.hk/elearning/physproblems/Rotational_motion.php,www.phy.cuhk.edu.hk,qa,,Physics,Calculation,no licence stated,unverified,
c1e79c7c03599cf2b383e7ce44635473a39bd851ab77401847de48c26e81981c,text,https://ocw.mit.edu/courses/6-641-electromagnetic-fields-forces-and-motion-spring-2005/pages/assignments/,ocw.mit.edu,qa,,Physics,Calculation,CC BY-NC-SA 4.0,verified,https://ocw.mit.edu/terms/
761c4f050b8f97f0d9fc86e22bd18995c74ecb58f1257e8b416a171ea9a53cf3,text,https://www.physics.rutgers.edu/~coleman/mbody.html,www.physics.rutgers.edu,qa,,Physics,Calculation,no licence stated,unverified,
6867cc4d1fad4ccb15a65e589e9ddc00f47ed646706f0f67c0437d4a4bcc3ced,text,https://ocw.mit.edu/courses/2-017j-design-of-electromechanical-robotic-systems-fall-2009/pages/assignments/,ocw.mit.edu,qa,,Physics,Calculation,CC BY-NC-SA 4.0,verified,https://ocw.mit.edu/terms/
3ff61f15f2692772791f265b0b0fbbc0896fb965e76452f9a3c4cd888433be1b,text,https://homepage.physics.uiowa.edu/~jhalekas/teaching/eandm1_2018/notes.html,homepage.physics.uiowa.edu,qa,,Physics,Calculation,no licence stated,unverified,
3e5f489df34192cdc20c054da75c4f9244e7dab41abde9341d3ec6bf6e730f91,text,https://ocw.mit.edu/courses/8-044-statistical-physics-i-spring-2013/resources/mit8_044s13_pss8/,ocw.mit.edu,qa,,Physics,Calculation,CC BY-NC-SA 4.0,verified,https://ocw.mit.edu/terms/
0be14c5d65f1d19489488c16978bba3b010cbc5bc1c13df85909673a7152c024,text,https://ocw.mit.edu/courses/6-245-multivariable-control-systems-spring-2004/resources/ps6sol_6245_2004/,ocw.mit.edu,qa,,Math,Calculation,CC BY-NC-SA 4.0,verified,https://ocw.mit.edu/terms/
22a738ecf81fb6ad7c6b0d5e218435af858b4d52fd54401b334e8fbcde028613,text,https://galois.math.ucdavis.edu/doku.php?do=media&id=housing&image=ggams013.pdf&ns=&tab_details=view,galois.math.ucdavis.edu,qa,,Math,Calculation,no licence stated,verified,https://galois.math.ucdavis.edu/doku.php?id=start
82bc56aeeeb9527affb4bfce0eb4f58dc312648d91a601c0430f1389fe27d6ee,text,https://physics.yale.edu/academics/graduate-studies/graduate-student-handbook/qualifying-exam-past-exams,physics.yale.edu,qa,,Physics,Calculation,no licence stated,unverified,
8c9ed50f01e12a06e933fa400f67276c656f916c4ea864dc266e7f545f910b8e,text,https://www.fys.ku.dk/~jjensen/Lectures.htm,www.fys.ku.dk,qa,,Physics,Calculation,no licence stated,unverified,
a40fc17e598b7d74a2c1909cb0e19a864a81ed681b9f2918cb7db297834b586e,text,https://ocw.mit.edu/courses/14-02-principles-of-macroeconomics-spring-2023/pages/problem-sets/,ocw.mit.edu,qa,,Finance,Calculation,CC BY-NC-SA 4.0,verified,https://ocw.mit.edu/terms/
f2b5df5a636300a5dd349f0f94f91adea855c0e01b1f8592764bba1b69c5d50c,text,https://ocw.mit.edu/courses/14-02-principles-of-macroeconomics-spring-2023/resources/mit14_02_s23_quiz3_solutions_pdf/,ocw.mit.edu,qa,,Finance,Calculation,CC BY-NC-SA 4.0,verified,https://ocw.mit.edu/terms/
990be17d58f4f47cf9c0ba7911c9cc632246abedf347ea663dc91924d8658c07,text,https://knzhou.github.io/,knzhou.github.io,qa,,Physics,Calculation,no licence stated,verified,https://knzhou.github.io/
0577cf2defbf35fa4019adbbb46c114432588f7f6e962e8918b92ef80c1fd6aa,text,https://ocw.mit.edu/courses/6-046j-design-and-analysis-of-algorithms-spring-2012/pages/assignments/,ocw.mit.edu,qa,,Math,Calculation,CC BY-NC-SA 4.0,verified,https://ocw.mit.edu/terms/
f25b8566c7ec8ee4b0a30acce9885d8149bbe41181dda896a5ca622a200f60c5,text,https://ocw.mit.edu/courses/res-6-007-signals-and-systems-spring-2011/resources/mitres_6_007s11_hw26_sol/,ocw.mit.edu,qa,,Physics,Calculation,CC BY-NC-SA 4.0,verified,https://ocw.mit.edu/terms/
f669d95d48f1f5cd01fbad5ac9a99472d41c7451dba64eed759f0c2293b966fc,text,http://users.wfu.edu/ecarlson/quantum/index2.html,users.wfu.edu,qa,,Physics,Calculation,no licence stated,unverified,
3f3139488480cbfff40edc873750435e3079dfea40f10913dbe5646ae4812dce,text,https://abinitiomp.org/teaching/mtle6120/,abinitiomp.org,qa,,Physics,Calculation,no licence stated,unverified,
302dba2b6b3e440cfe5e9c93d35f4cc42f92cc41fb7ff1fa16f3581bab03740d,text,https://ocw.mit.edu/courses/2-71-optics-spring-2014/download/,ocw.mit.edu,qa,,Physics,Calculation,CC BY-NC-SA 4.0,verified,https://ocw.mit.edu/terms/
cb5882f2fb0daabef384bc300e227a9383e84d74e0a6651eca69a7863674f5f3,text,https://ocw.mit.edu/courses/6-641-electromagnetic-fields-forces-and-motion-spring-2009/pages/assignments/,ocw.mit.edu,qa,,Physics,Calculation,CC BY-NC-SA 4.0,verified,https://ocw.mit.edu/terms/
1315e96924af2706a48484aa88a98c1acb35c2e3467d29102942d62637940aaf,text,https://ocw.mit.edu/courses/6-642-continuum-electromechanics-fall-2008/pages/assignments/,ocw.mit.edu,qa,,Physics,Calculation,CC BY-NC-SA 4.0,verified,https://ocw.mit.edu/terms/
c2583b8a42b7f84c2ff3689cdf82fb2daa31fa53736906c7da40f4774334d35d,text,https://webhome.phy.duke.edu/~mehen/315/hw.html,webhome.phy.duke.edu,qa,,Physics,Calculation,no licence stated,unverified,
e883f2e14204ad44ff36c83ab07e4ebd5d54b34439a8b8e5a4202b96736ebf4d,text,https://ocw.mit.edu/courses/16-001-unified-engineering-materials-and-structures-fall-2021/pages/problem-sets2/,ocw.mit.edu,qa,,Physics,Calculation,CC BY-NC-SA 4.0,verified,https://ocw.mit.edu/terms/
96732b2bd907ebd798f1397259e80fdd484eb8c80ea3944e1f5a14f9fcf52132,text,https://www.brumo.org/archive,www.brumo.org,qa,,Math,Calculation,no licence stated,unverified,
f6b6a645a7e852adddb29c4e68cf67d4317fbe2b71222cf39909a9c325b3e458,text,https://web.evanchen.cc/exams/USAMO-2019-notes.pdf,web.evanchen.cc,,,Math,Essay,no licence stated,unverified,
620fc16017990ad114198e10896949eeddc1e2f93b6850a4f428f7b1f6467eaa,text,https://metaphor.ethz.ch/x/2023/hs/401-0353-00L/,metaphor.ethz.ch,qa,,Math,Essay,no licence stated,unverified,
af26ef014affed28d78a21eab38fe67bf9b9e0559031385f56f558737a98120a,text,https://dornsife.usc.edu/mgsa/qualifying-exams/applied-probability/,dornsife.usc.edu,qa,,Math,Calculation,no licence stated,unverified,
64bed4365a218ada6fa4210d628cb3a9a374b922fcc80b71271c2371a2f56df7,text,https://physrefs.mit.edu/general-exam-preparation/,physrefs.mit.edu,qa,,Physics,Calculation,no licence stated,unverified,
8a83d0ca64082752eb96795bfb6dd31865b5ca111371f3df51ea9d8d016f9e4a,text,https://ocw.mit.edu/courses/7-013-introductory-biology-spring-2013/resources/mit7_013s13_pset_2sol/,ocw.mit.edu,qa,,Biology,Calculation,CC BY-NC-SA 4.0,verified,https://ocw.mit.edu/terms/
4a1d9401730ca6ed5da07dc9234765cec6839699b9f7de0f9eb4e857a10102be,text,https://ocw.mit.edu/courses/8-311-electromagnetic-theory-spring-2004/resources/solution9/,ocw.mit.edu,qa,,Physics,Proof,CC BY-NC-SA 4.0,verified,https://ocw.mit.edu/terms/
4d3cef8eb4694fc216d6528f98061889127355431b5fcc7b090b0582b99f7c1d,text,https://ocw.mit.edu/courses/14-471-public-economics-i-fall-2012/download/,ocw.mit.edu,qa,,Finance,Essay,CC BY-NC-SA 4.0,verified,https://ocw.mit.edu/terms/
20f8ca1c9c57ae32858a738410f43cc9344943db3ea9a95d68b3c7813b8f72bb,text,https://www-users.cse.umn.edu/~garrett/m/algebra/,www-users.cse.umn.edu,qa,,Math,Calculation,no licence stated,unverified,
d4665ee0fea2bb25b1babde3824201a0b03d86ec80989e8189ab3f5152fd8bf3,text,https://ocw.mit.edu/courses/2-611-marine-power-and-propulsion-fall-2006/resources/ps5_soln/,ocw.mit.edu,qa,,Physics,Calculation,CC BY-NC-SA 4.0,verified,https://ocw.mit.edu/terms/
58b37392b360b7c6e2f9a30c729186348195ff98156ff08cf04aa7a0899ff6b3,text,https://ocw.mit.edu/courses/6-641-electromagnetic-fields-forces-and-motion-spring-2005/download/,ocw.mit.edu,qa,,Physics,Calculation,CC BY-NC-SA 4.0,verified,https://ocw.mit.edu/terms/
6da20e90d1c9cbf249f72c93f228cc4a9c3034dcb11996cf4cb1dc7d0c07b4d3,text,https://www.math.harvard.edu/graduate/study-the-qualifying-exam/some-old-qualifying-exams/,www.math.harvard.edu,qa,,Math,Calculation,no licence stated,unverified,
ac2031cf75d740d1d8a104e6c00e363fecd81f460e3d5b1b9e490c997f40854b,text,https://knzhou.github.io/,knzhou.github.io,qa,,Physics,Calculation,no licence stated,verified,https://knzhou.github.io/
6959f0a241ce180449a47179018c87456029529e4da4945dcb393d76448d6134,text,https://ocw.mit.edu/courses/6-451-principles-of-digital-communication-ii-spring-2005/pages/exams/,ocw.mit.edu,qa,,Math,Calculation,CC BY-NC-SA 4.0,verified,https://ocw.mit.edu/terms/
8f3350371192059d5f52915ae9f5439be8d4492098295670e1b5115d2773bacd,text,http://gilrefael.org/ph135/,gilrefael.org,qa,,Physics,Calculation,no licence stated,unverified,
7fa82dd155dc9d69eb8fce89391e600735102a59d2cbd19ce49bba762dd332d3,text,https://physrefs.mit.edu/general-exam-preparation/,physrefs.mit.edu,qa,,Physics,Calculation,no licence stated,unverified,
2219ff7a229c0a7b0cff164e89e285217d9a9ef030c3011c2f9373a766e412ff,text,https://ocw.mit.edu/courses/14-123-microeconomic-theory-iii-spring-2015/download/,ocw.mit.edu,qa,,Finance,Calculation,CC BY-NC-SA 4.0,verified,https://ocw.mit.edu/terms/
23585709560fcf8113baab80490babff825aaee0b5fdd5d9d6e0982fea4f5392,text,https://ocw.mit.edu/courses/6-642-continuum-electromechanics-fall-2008/pages/assignments/,ocw.mit.edu,qa,,Physics,Calculation,CC BY-NC-SA 4.0,verified,https://ocw.mit.edu/terms/
ba3fab37155ee8e36f7b08a19ea4d4914f69dbc6a584a540a818e4640ba70b6b,text,http://users.wfu.edu/ecarlson/gr/index.html,users.wfu.edu,qa,,Physics,Calculation,no licence stated,unverified,
01a3996199f206c68cb3df867e4f2bbd93d4f1b04ce3b3bea96e00957df18d94,text,https://ocw.mit.edu/courses/6-685-electric-machines-fall-2013/pages/assignments/,ocw.mit.edu,qa,,Physics,Proof,CC BY-NC-SA 4.0,verified,https://ocw.mit.edu/terms/
3cbc279aec6934ba528166a51caf95c2d9e42d6fbc3bb0dc4a3f3b633235622f,text,https://ocw.mit.edu/courses/14-41-public-finance-and-public-policy-fall-2010/pages/assignments/,ocw.mit.edu,qa,,Finance,Calculation,CC BY-NC-SA 4.0,verified,https://ocw.mit.edu/terms/
e10010fa7cfa1a4da0affc37caad067af3469c1efd67557988e12d51952ea517,text,https://ocw.mit.edu/courses/6-245-multivariable-control-systems-spring-2004/pages/assignments/,ocw.mit.edu,qa,,Math,Calculation,CC BY-NC-SA 4.0,verified,https://ocw.mit.edu/terms/
62646b6dde21e1703b76973ac09a0938cd353658281c5c5767120677248b30ef,mm,https://ocw.mit.edu/courses/6-541j-speech-communication-spring-2004/pages/assignments/,ocw.mit.edu,qa,,Other,Essay,CC BY-NC-SA 4.0,verified,https://ocw.mit.edu/terms/
9357bf2b5989dafa840084852d7bf059ed608a21fdc6d076935bd9cd8e55e8d0,mm,https://ocw.mit.edu/courses/6-341-discrete-time-signal-processing-fall-2005/pages/assignments/,ocw.mit.edu,qa,,Math,Essay,CC BY-NC-SA 4.0,verified,https://ocw.mit.edu/terms/
d329306f26b2d7ca685212cb9253d53bad6dce42af7b723f0b73b981cd642939,mm,https://ocw.mit.edu/courses/6-013-electromagnetics-and-applications-spring-2009/pages/assignments/,ocw.mit.edu,qa,,Physics,Calculation,CC BY-NC-SA 4.0,verified,https://ocw.mit.edu/terms/
531bc6a4b49f4bf0e3f4fa69913f7c9a93619c3ec008ba128ce700e460f5e49d,mm,https://ocw.mit.edu/courses/7-03-genetics-fall-2004/download/,ocw.mit.edu,qa,,Biology,Calculation,CC BY-NC-SA 4.0,verified,https://ocw.mit.edu/terms/
2cca9e69631774582fe6738c0fafb80c2738cae85a04f54de675b5e5288b1921,mm,https://www.aapt.org/physicsteam/PT-exams.cfm,www.aapt.org,qa,,Physics,Calculation,no licence stated,verified,https://www.aapt.org/physicsteam/PT-exams.cfm
cff34d633164b773c2ca9e5afdd7ee90a803ebcca5640b72e1cea96b380d406d,mm,https://ocw.mit.edu/courses/6-641-electromagnetic-fields-forces-and-motion-spring-2005/pages/assignments/,ocw.mit.edu,qa,,Physics,Calculation,CC BY-NC-SA 4.0,verified,https://ocw.mit.edu/terms/
c28ccf4a4007f40200b5e2806bc9c8a28d97715c35b28a0fe5c383f58a88069a,mm,https://ocw.mit.edu/courses/6-641-electromagnetic-fields-forces-and-motion-spring-2005/pages/assignments/,ocw.mit.edu,qa,,Physics,Proof,CC BY-NC-SA 4.0,verified,https://ocw.mit.edu/terms/
c6a81d50ba7c330f76d11fa48172cdcb29c00d4995fb7b3adaeaf08c3a074955,mm,https://ocw.mit.edu/courses/6-262-discrete-stochastic-processes-spring-2011/pages/exams/,ocw.mit.edu,qa,,Math,Calculation,CC BY-NC-SA 4.0,verified,https://ocw.mit.edu/terms/
a96a7f3056321d4f948a5bfe3538c27a91526e5a6df770fb2bd61e955d8afde1,mm,https://ocw.mit.edu/courses/16-881-robust-system-design-summer-1998/pages/exams/,ocw.mit.edu,qa,,Other,Essay,CC BY-NC-SA 4.0,verified,https://ocw.mit.edu/terms/
4e58686028dc27f5534ce5582a01540c633f1fedeed0a6c60ed049c401c3c783,mm,https://ocw.mit.edu/courses/2-004-systems-modeling-and-control-ii-fall-2007/pages/exams/,ocw.mit.edu,qa,,Physics,Calculation,CC BY-NC-SA 4.0,verified,https://ocw.mit.edu/terms/
5dbe259309812c2ae1109a980340a9d959a67b69aa4a23a4a54eaedd18f7a7cf,mm,https://ocw.mit.edu/courses/16-001-unified-engineering-materials-and-structures-fall-2021/pages/problem-sets2/,ocw.mit.edu,qa,,Physics,Calculation,CC BY-NC-SA 4.0,verified,https://ocw.mit.edu/terms/
7e0d7d0cdb3be71b3a6a0086b6fdcef0081aa5f27c023e95c91d9506369e468d,mm,https://ocw.mit.edu/courses/6-003-signals-and-systems-fall-2011/resources/quiz-2-solutions-spring-2010/,ocw.mit.edu,qa,,Physics,Calculation,CC BY-NC-SA 4.0,verified,https://ocw.mit.edu/terms/
9e4b8ada91e9bbd49228fb8f0c6d120ce2556405fcbb5d2d6b97736578c24af3,mm,https://ocw.mit.edu/courses/6-641-electromagnetic-fields-forces-and-motion-spring-2009/resources/mit6_641s09_sol_pset_opt/,ocw.mit.edu,qa,,Physics,Calculation,CC BY-NC-SA 4.0,verified,https://ocw.mit.edu/terms/
0101ffc95cf608927887dd75b56bcef5be2aabb6be3a89c7e21ffb7d1e544830,mm,https://ipho.olimpicos.net/pdf/IPhO_2025_Q2.pdf,ipho.olimpicos.net,,,Physics,Proof,no licence stated,verified,https://ipho.olimpicos.net/
92813319ee075b6d6f445da524585d95268faddfeb7c8f0955843075df8ca810,mm,https://www.physics.harvard.edu/sites/g/files/omnuum6476/files/physics/files/prob19.pdf,www.physics.harvard.edu,,,Physics,Calculation,no licence stated,unverified,
faff65dc2aa9927098d5efcec2e4827946ef2f51c272fd293a3dc032f3fca823,mm,https://ocw.mit.edu/courses/3-052-nanomechanics-of-materials-and-biomaterials-spring-2007/download/,ocw.mit.edu,qa,,Physics,Calculation,CC BY-NC-SA 4.0,verified,https://ocw.mit.edu/terms/
7e1f42f6f5929c18273200f5f13327492c682e4be9f2b5540b6acd94415927c5,mm,https://ocw.mit.edu/courses/2-60j-fundamentals-of-advanced-energy-conversion-spring-2020/pages/assignments/,ocw.mit.edu,qa,,Physics,Calculation,CC BY-NC-SA 4.0,verified,https://ocw.mit.edu/terms/
aaf6d231e53d78a9e3d10435d7445146f4c0ffa0d5e6a2c825b332dfb952f64a,mm,https://ocw.mit.edu/courses/20-462j-molecular-principles-of-biomaterials-spring-2006/pages/assignments/,ocw.mit.edu,qa,,Chemistry,Essay,CC BY-NC-SA 4.0,verified,https://ocw.mit.edu/terms/
dd6c82a07fa6da10fd61e10b18c7fde59f2f29cf899d8f19e22195d1a844cba8,mm,https://www.cis.upenn.edu/~mkearns/teaching/NetworkedLife/nwlife17.html,www.cis.upenn.edu,qa,,Other,Calculation,no licence stated,unverified,
4e59ebeafd74dcce22ec204749cfb0ad88427bc67e25b79c02912c2b0a644222,mm,https://www.asi.edu.au/program/australian-science-olympiads/past-exams-with-answers/chemistry-olympiad-past-exams/,www.asi.edu.au,qa,,Chemistry,Calculation,no licence stated,unverified,
692c4cd15376935d714d2d04b421799a421eec5809aa7252e2d0568334aa7fdd,mm,https://ipho.olimpicos.net/pdf/IPhO_2011_Q5.pdf,ipho.olimpicos.net,,,Physics,Calculation,no licence stated,verified,https://ipho.olimpicos.net/
75aede0d52c7ef3bcdeeece91938b7aa2a1fa12169e40b7c38bc949852bc55eb,mm,https://ocw.mit.edu/courses/6-012-microelectronic-devices-and-circuits-fall-2005/pages/exams/,ocw.mit.edu,qa,,Physics,Calculation,CC BY-NC-SA 4.0,verified,https://ocw.mit.edu/terms/
1254e5c8df36632b8774663cd8bbd3fbe8582de411626eb909b0e05929f9d364,mm,https://ocw.mit.edu/courses/2-71-optics-spring-2009/pages/assignments/,ocw.mit.edu,qa,,Physics,Calculation,CC BY-NC-SA 4.0,verified,https://ocw.mit.edu/terms/
cda74a843057f61356fc98ee2159a2e1f8d9efd7eb83cc4dfbf788d6092bdd36,mm,https://ocw.mit.edu/courses/6-003-signals-and-systems-fall-2011/pages/exams/,ocw.mit.edu,qa,,Math,Calculation,CC BY-NC-SA 4.0,verified,https://ocw.mit.edu/terms/
ef5fa1eef55310f51bddb63f2cae3c354caa842ca5a6144fcf6bc12daac3439f,mm,https://www.physics.purdue.edu/~jones105/phys42200_Spring2014/index.html,www.physics.purdue.edu,qa,,Physics,Calculation,no licence stated,unverified,
51663f54a254d66342ab1f3b284b8b299c15e4693ee3ef135d387c64efaac292,mm,https://ocw.mit.edu/courses/6-451-principles-of-digital-communication-ii-spring-2005/download/,ocw.mit.edu,qa,,Physics,Calculation,CC BY-NC-SA 4.0,verified,https://ocw.mit.edu/terms/
5a7527a8677cdbdfc669ad3289eebae6a113250f51b83eaadd7edaa5d0043132,mm,https://ipho.olimpicos.net/pdf/IPhO_2019_Q1.pdf,ipho.olimpicos.net,,,Physics,Calculation,no licence stated,verified,https://ipho.olimpicos.net/
85d913970084933e9ccd3df447bd3cecf2ccbb0955193373874bb06098838888,mm,https://www.aapt.org/physicsteam/PT-exams.cfm,www.aapt.org,qa,,Physics,Calculation,no licence stated,verified,https://www.aapt.org/physicsteam/PT-exams.cfm
48ae216bf907cd6c7210b580b8c3d71993e897f37f244010929460f9680c478a,mm,https://ocw.mit.edu/courses/6-641-electromagnetic-fields-forces-and-motion-spring-2009/resources/mit6_641s09_exam_review/,ocw.mit.edu,qa,,Physics,Calculation,CC BY-NC-SA 4.0,verified,https://ocw.mit.edu/terms/
40f6f0b7b07137d380c73b062071934c525e5ba2c2cecb89bd622057d4309a0a,mm,https://physrefs.mit.edu/general-exam-preparation/,physrefs.mit.edu,qa,,Physics,Calculation,no licence stated,unverified,
576088b894fb7db0eadec8acb3f79ea11c4cf5bd3c58f4b5eedb74d9a61dad78,mm,https://knzhou.github.io/,knzhou.github.io,qa,,Physics,Calculation,no licence stated,verified,https://knzhou.github.io/
399b39adb438880deff1bf508315750a1218e5b4fa225a975e808cce0a393fea,mm,https://people.math.wisc.edu/~mivanov/475/Midterm1.pdf,people.math.wisc.edu,,,Math,Calculation,no licence stated,unverified,
5e73dcaa3eb4f9e83324830d4db00247a093b3ecc6a1e8ad16bbd7a98ce80d12,mm,https://www.aapt.org/physicsteam/PT-exams.cfm,www.aapt.org,qa,,Physics,Calculation,no licence stated,verified,https://www.aapt.org/physicsteam/PT-exams.cfm
7f60fcf0f517e3c57e706d0968d05908839b85a9248e7817b5ca5e85c623ef72,mm,https://ocw.mit.edu/courses/1-203j-logistical-and-transportation-planning-methods-fall-2006/pages/exams/,ocw.mit.edu,qa,,Math,Calculation,CC BY-NC-SA 4.0,verified,https://ocw.mit.edu/terms/
1262a8c8cd9c955ca16d6a3392fe3d89cce8fc1bda818d9801c46d3e34466a44,mm,https://ocw.mit.edu/courses/1-050-solid-mechanics-fall-2004/pages/assignments/,ocw.mit.edu,qa,,Physics,Calculation,CC BY-NC-SA 4.0,verified,https://ocw.mit.edu/terms/
efb00a4a0dd792ee0deb89c2965b9f172ff72152440fab78124f33195981be7a,mm,https://physics.montana.edu/grad/qualifyingexam_archive.html,physics.montana.edu,qa,,Physics,Calculation,no licence stated,unverified,
adc3766f1cd418426ee8a6064ad7dc017e3970d82eab6dd3459a49dacc0552ad,mm,https://ipho.olimpicos.net/pdf/IPhO_2003_Q3.pdf,ipho.olimpicos.net,,,Physics,Calculation,no licence stated,verified,https://ipho.olimpicos.net/
29df27199205f8ac5ffaa0d96219be9be59a16b1c089d8c561ee965e375ba1ef,mm,https://ipho.olimpicos.net/pdf/IPhO_1998_Q1.pdf,ipho.olimpicos.net,,,Physics,Calculation,no licence stated,verified,https://ipho.olimpicos.net/
0de6bcff55ffa6d59cdfa63e36ae7d786279d3e0a9b766811d31b17ce83fa30b,mm,https://ipho.olimpicos.net/pdf/IPhO_1988_Q2.pdf,ipho.olimpicos.net,,,Physics,Calculation,no licence stated,verified,https://ipho.olimpicos.net/
a93bc498c02c1998310e9eddc06361ad8d24d3e8339afad72a71acf18a2ce12c,mm,https://ocw.mit.edu/courses/6-041-probabilistic-systems-analysis-and-applied-probability-fall-2010/pages/assignments/,ocw.mit.edu,qa,,Math,Calculation,CC BY-NC-SA 4.0,verified,https://ocw.mit.edu/terms/
8c8d1f1096971ad9aa20169fc64a0dfd6de538707adc48bce410857c869b18c9,mm,https://ipho.olimpicos.net/pdf/IPhO_2008_Q1.pdf,ipho.olimpicos.net,,,Physics,Calculation,no licence stated,verified,https://ipho.olimpicos.net/
b3dfec6423eaa9e87671bf3f59ff79dcb643ca7a79c43f6117202391bbcaf2e3,mm,https://www.caltechmathmeet.org/problems/2010-winter,www.caltechmathmeet.org,qa,,Math,Calculation,no licence stated,unverified,
69b0b49abcaeb23814f1195afc4922c8276a45130da4358057072972cde40e02,mm,https://aapt.org/physicsteam/PT-exams.cfm,aapt.org,qa,,Physics,Calculation,no licence stated,verified,https://www.aapt.org/physicsteam/PT-exams.cfm
170a18a3df2b4eb788e9c516225a23c58b94c8b7d2afce88f5fe1d2892a45327,mm,https://cmimc.math.cmu.edu/math/past-problems/2020,cmimc.math.cmu.edu,qa,,Other,Calculation,no licence stated,unverified,
46f454711462e76ca44492758acf065cbe92920000aac3f2d506a562c20107ee,mm,https://ipho.olimpicos.net/pdf/IPhO_1993_Q2.pdf,ipho.olimpicos.net,,,Physics,Calculation,no licence stated,verified,https://ipho.olimpicos.net/
0cc6e2845e9c4b7820ebbde1a5a5f8d4b326b2472a67a58d4e96c8562bf904b6,mm,https://cmimc.math.cmu.edu/math/past-problems/2025,cmimc.math.cmu.edu,qa,,Math,Calculation,no licence stated,unverified,
ac6de071fcec1cd8592570b4d2a8017bb7e598fa94a2f59a7183922f9d3655d8,mm,https://physrefs.mit.edu/general-exam-preparation/,physrefs.mit.edu,qa,,Physics,Calculation,no licence stated,unverified,
28dfd1c4414a7b6c1cc6475baeadedf2f9055386f1d64f4eefda5cc748ca7b57,mm,http://www.phys.ufl.edu/~thorn/homepage/qftinfo.html,www.phys.ufl.edu,qa,,Physics,Calculation,no licence stated,unverified,
3789d06d4915ec9ac21be5902674979ea97b88594d2f873983a271a55745084a,mm,https://knzhou.github.io/,knzhou.github.io,qa,,Physics,Calculation,no licence stated,verified,https://knzhou.github.io/
86c582074f86beb45b81db12e0addde3a67644f028b6762c9a7a4e222be84f06,mm,https://www.mathschool.com/blog/competitions/usamo-problems-and-solutions,www.mathschool.com,qa,,Math,Proof,no licence stated,unverified,
656bf74438b514ddc5ce51b0fce900464b252dbf695315a2ac7cd31fee99e959,mm,https://ocw.mit.edu/courses/res-6-007-signals-and-systems-spring-2011/pages/assignments/,ocw.mit.edu,qa,,Math,Calculation,CC BY-NC-SA 4.0,verified,https://ocw.mit.edu/terms/
d77019f8b766619cd4c992279a3f0ec0baba7f1c345726c85c421c4d722b7638,mm,https://ocw.mit.edu/courses/6-341-discrete-time-signal-processing-fall-2005/resources/final_f05_soln/,ocw.mit.edu,qa,,Other,Essay,CC BY-NC-SA 4.0,verified,https://ocw.mit.edu/terms/
644d5496c8f8e541feec72fd1af6e53e7fb2b05ae9c8970e40481e037a3703ea,mm,https://ocw.mit.edu/courses/8-012-physics-i-classical-mechanics-fall-2008/download/,ocw.mit.edu,qa,,Physics,Calculation,CC BY-NC-SA 4.0,verified,https://ocw.mit.edu/terms/
050af00f13c0ce0e77afb1613e0c570d42a78ca4ba334d31d9f8362a0a5bf725,mm,https://www.caltechmathmeet.org/problems/2021-winter,www.caltechmathmeet.org,qa,,Math,Calculation,no licence stated,unverified,
a9613b1a0cf9888d46ad4ad20cccefd7d1837206698f8df9a5afc05f8c53994b,mm,http://asianphysicsolympiad.org/papho2010.html,asianphysicsolympiad.org,qa,,Physics,Calculation,no licence stated,unverified,
be6271834f9b31ed951692d6d98dfbf96f573565aed7c650a17fec894a6bff0f,mm,https://ipho.olimpicos.net/pdf/IPhO_2008_Q1.pdf,ipho.olimpicos.net,,,Physics,Calculation,no licence stated,verified,https://ipho.olimpicos.net/
2f4d0159579ec26a6602a28daac6cbd6b2079571ea1d6f5baaf080878cab0972,mm,https://knzhou.github.io/,knzhou.github.io,qa,,Physics,Calculation,no licence stated,verified,https://knzhou.github.io/
581ec87bc7470c6ed2b65aa4bc6f392278d7b434a84aa66baa567a82fb67cc23,mm,https://knzhou.github.io/,knzhou.github.io,qa,,Physics,Essay,no licence stated,verified,https://knzhou.github.io/
8cc877e33d7e3551b1ead289a32df61aec8c5e82ca6d5f818c968ab4f29e742c,mm,https://ocw.mit.edu/courses/6-245-multivariable-control-systems-spring-2004/pages/assignments/,ocw.mit.edu,qa,,Math,Calculation,CC BY-NC-SA 4.0,verified,https://ocw.mit.edu/terms/
411f1554dc1e4fe80e08265559ddc76d042cf72be231669e0720144378bc27df,mm,https://ocw.mit.edu/courses/8-02t-electricity-and-magnetism-spring-2005/download/,ocw.mit.edu,qa,,Physics,Calculation,CC BY-NC-SA 4.0,verified,https://ocw.mit.edu/terms/
802964a8d7050b45e56ac835b434a4162f93cf8af1e3c38829a853e4362da54a,mm,https://ipho.olimpicos.net/pdf/IPhO_1969_Q4.pdf,ipho.olimpicos.net,,,Physics,Calculation,no licence stated,verified,https://ipho.olimpicos.net/
be76b10d8566498ec944b6dadbe5c170fd1f118e403c5d7e7e2f668a55b128ca,mm,https://ocw.mit.edu/courses/8-012-physics-i-classical-mechanics-fall-2008/download/,ocw.mit.edu,qa,,Physics,Calculation,CC BY-NC-SA 4.0,verified,https://ocw.mit.edu/terms/
3b4c3e302c0685c36643df233f3a106871025c92bbbc2f5b5e3bed65a1fed2be,mm,https://aapt.org/physicsteam/PT-exams.cfm,aapt.org,qa,,Physics,Calculation,no licence stated,verified,https://www.aapt.org/physicsteam/PT-exams.cfm
d28875e0137a948d7020768af4429fa1ce0a57be198a20b2de91ff317824bbff,mm,https://ocw.mit.edu/courses/16-001-unified-engineering-materials-and-structures-fall-2021/pages/problem-sets2/,ocw.mit.edu,qa,,Physics,Calculation,CC BY-NC-SA 4.0,verified,https://ocw.mit.edu/terms/
df6253bec4e85d51b77c264d824b1afa9793e861f8c0bc387bdd6ab24a7c3951,mm,https://ocw.mit.edu/courses/2-004-dynamics-and-control-ii-spring-2008/resources/ps3soln/,ocw.mit.edu,qa,,Physics,Calculation,CC BY-NC-SA 4.0,verified,https://ocw.mit.edu/terms/
8d8684557453a3a8c8e6971e75b1a1848e4995ad2df4447ae4a580c65b5ab253,mm,https://ocw.mit.edu/courses/6-641-electromagnetic-fields-forces-and-motion-spring-2009/pages/exams/,ocw.mit.edu,qa,,Physics,Calculation,CC BY-NC-SA 4.0,verified,https://ocw.mit.edu/terms/
63317dc6b9518444cb04af4e80598290ed5a8e049f9910a7cf807ddcbe2e8745,mm,https://ocw.mit.edu/courses/6-245-multivariable-control-systems-spring-2004/pages/assignments/,ocw.mit.edu,qa,,Math,Calculation,CC BY-NC-SA 4.0,verified,https://ocw.mit.edu/terms/
e8faf18f8800267d081386fb1ea4e1f35f627351ae6ef4948c621beadc65c6ac,mm,https://knzhou.github.io/,knzhou.github.io,qa,,Physics,Essay,no licence stated,verified,https://knzhou.github.io/
f545b32ec85451ab582cb100aaf896a0879ddba8a282617a05bc5a8f072ce7cc,mm,https://ocw.mit.edu/courses/1-203j-logistical-and-transportation-planning-methods-fall-2006/pages/exams/,ocw.mit.edu,qa,,Math,Calculation,CC BY-NC-SA 4.0,verified,https://ocw.mit.edu/terms/
7b3a0ba9bc836abcd38e11f1e6c60c39588aaa6e51dd89b84c1b57d28d34509b,mm,http://web2.ph.utexas.edu/classes/demkov/phy381C/,web2.ph.utexas.edu,qa,,Physics,Calculation,no licence stated,unverified,
edab2869c47ed5ea1413816754c245c12dc16f4e856bf518595363b6e6bbb9db,mm,https://www.physics.purdue.edu/~jones105/phys56500_Spring2010/index.html,www.physics.purdue.edu,qa,,Physics,Calculation,no licence stated,unverified,
bc470caa34891c722d75e0fa5c087fc2f6b01557b69dbfe9e37e8fc80b66e548,mm,https://knzhou.github.io/,knzhou.github.io,qa,,Physics,Calculation,no licence stated,verified,https://knzhou.github.io/
d136d7db9c63324875aa7caa8b910ebe2583f76d3d697d9a5e56907dc813b98c,mm,https://ocw.mit.edu/courses/15-565j-integrating-esystems-global-information-systems-spring-2002/download/,ocw.mit.edu,qa,,Other,Calculation,CC BY-NC-SA 4.0,verified,https://ocw.mit.edu/terms/
116fa7b1ec3649caed7a379f389c0189d407deafae8be4055961a35f02c42cc3,mm,https://ocw.mit.edu/courses/16-30-estimation-and-control-of-aerospace-systems-spring-2004/pages/assignments/,ocw.mit.edu,qa,,Math,Calculation,CC BY-NC-SA 4.0,verified,https://ocw.mit.edu/terms/
2bd3f4baeaac432a81d2550bd026ba8c0ba99e25c9e02fa59b516451c4eb9104,mm,https://knzhou.github.io/,knzhou.github.io,qa,,Physics,Calculation,no licence stated,verified,https://knzhou.github.io/
9b64aec58fd2fc8cf459b58ae5647d4e737c7d3c30d7925709ba1d4f3ca9b8d5,mm,https://ocw.mit.edu/courses/6-641-electromagnetic-fields-forces-and-motion-spring-2005/pages/assignments/,ocw.mit.edu,qa,,Physics,Calculation,CC BY-NC-SA 4.0,verified,https://ocw.mit.edu/terms/
6f634df839533140368bc59ada10d45a3dd5e9a8f443d18a1a9dfe6aec144a98,mm,https://ocw.mit.edu/courses/2-004-systems-modeling-and-control-ii-fall-2007/pages/assignments/,ocw.mit.edu,qa,,Physics,Calculation,CC BY-NC-SA 4.0,verified,https://ocw.mit.edu/terms/
4eaa0cae6db9826842c459a752b95914b7fa429ae9057d0b879d2beab06ed49f,mm,https://ocw.mit.edu/courses/8-012-physics-i-classical-mechanics-fall-2008/download/,ocw.mit.edu,qa,,Physics,Calculation,CC BY-NC-SA 4.0,verified,https://ocw.mit.edu/terms/
38b6b0ee29dc89320ed75c71ee3db6e02074dc121192291baad4307784869ea0,mm,https://ocw.mit.edu/courses/14-123-microeconomic-theory-iii-spring-2015/download/,ocw.mit.edu,qa,,Finance,Calculation,CC BY-NC-SA 4.0,verified,https://ocw.mit.edu/terms/
950c4a93e908922a76c14de9c2431632f1879b638faeef7bdc556e707cf764a0,mm,https://knzhou.github.io/,knzhou.github.io,qa,,Physics,Essay,no licence stated,verified,https://knzhou.github.io/
8a561403370f8f764ff817989eaf23465f0253c132be0792b96f11290258dc2f,mm,https://ocw.mit.edu/courses/6-374-analysis-and-design-of-digital-integrated-circuits-fall-2003/pages/assignments/,ocw.mit.edu,qa,,Physics,Calculation,CC BY-NC-SA 4.0,verified,https://ocw.mit.edu/terms/
c3ff1bb8f5dbdc19eee357ced3ad04d2c43a96de9cfa80708d5c76d3c5bd5629,mm,https://ocw.mit.edu/courses/6-642-continuum-electromechanics-fall-2008/download/,ocw.mit.edu,qa,,Physics,Derivation,CC BY-NC-SA 4.0,verified,https://ocw.mit.edu/terms/
7738171e1e748d0eef6c3dbd5838baacdc96654a3b5a27e0268f7fb2373e9fae,mm,https://ipho.olimpicos.net/pdf/IPhO_2004_Q1.pdf,ipho.olimpicos.net,,,Physics,Calculation,no licence stated,verified,https://ipho.olimpicos.net/
02f34ccd62d5816c658e07496e0012f1ee7e570bf4d696fa8ba952eb11f058ca,mm,https://ocw.mit.edu/courses/20-320-analysis-of-biomolecular-and-cellular-systems-fall-2012/pages/study-materials/,ocw.mit.edu,qa,,Biology,Calculation,CC BY-NC-SA 4.0,verified,https://ocw.mit.edu/terms/
9e835981747c1737e660d13cdb5dd45223983378c672ace4c8d21bb63d31d7ff,mm,https://ocw.mit.edu/courses/10-32-separation-processes-spring-2005/download/,ocw.mit.edu,qa,,Chemistry,Calculation,CC BY-NC-SA 4.0,verified,https://ocw.mit.edu/terms/
6d46c5a11ebcb41ab7e788d9a717ded428aa53af1bbbe16ff927bbb55cc188ed,mm,https://ocw.mit.edu/courses/2-71-optics-spring-2014/download/,ocw.mit.edu,qa,,Physics,Calculation,CC BY-NC-SA 4.0,verified,https://ocw.mit.edu/terms/
9ea3dab49090ac772caea7754b320edeb3676483165a106100a8b2208f01a661,mm,https://ocw.mit.edu/courses/6-004-computation-structures-spring-2009/resources/mit6004s09tutor06sol/,ocw.mit.edu,qa,,Other,Calculation,CC BY-NC-SA 4.0,verified,https://ocw.mit.edu/terms/
487fad0a6f13dec2d1ff184827321c404c3c553e395e6f85bc795e2ebe96b131,mm,https://ocw.mit.edu/courses/2-71-optics-spring-2009/pages/assignments/,ocw.mit.edu,qa,,Physics,Calculation,CC BY-NC-SA 4.0,verified,https://ocw.mit.edu/terms/
092a801db658ea24316c2ee85cde32658fc68b9a07ac4dec67b512552e0caff7,mm,https://www.aapt.org/physicsteam/PT-exams.cfm,www.aapt.org,qa,,Physics,Calculation,no licence stated,verified,https://www.aapt.org/physicsteam/PT-exams.cfm
7b4b30c3080f09f5709170e35a4e64e1fb77af18ef7e7a81827d7b65d5fa18c1,mm,https://ocw.mit.edu/courses/2-61-internal-combustion-engines-spring-2017/download/,ocw.mit.edu,qa,,Physics,Calculation,CC BY-NC-SA 4.0,verified,https://ocw.mit.edu/terms/
2ab22e4d563eb66e303d60b7d375d89e644a06064e28b78875e9961604909b5f,mm,https://ocw.mit.edu/courses/16-01-unified-engineering-i-ii-iii-iv-fall-2005-spring-2006/pages/exams/,ocw.mit.edu,qa,,Physics,Calculation,CC BY-NC-SA 4.0,verified,https://ocw.mit.edu/terms/
5cd89f4e2205e68fd1f0149ef8dff974a658c35b40657466dd4c34a27de00a2d,mm,https://ocw.mit.edu/courses/res-6-007-signals-and-systems-spring-2011/pages/assignments/,ocw.mit.edu,qa,,Math,Calculation,CC BY-NC-SA 4.0,verified,https://ocw.mit.edu/terms/
d6d5a2fffbe92e89cf781aa69d201da80a5c433f2a4e97f23aaa33299b18d3cb,mm,https://www.aapt.org/physicsteam/PT-exams.cfm,www.aapt.org,qa,,Physics,MCQ,no licence stated,verified,https://www.aapt.org/physicsteam/PT-exams.cfm
0e5ed9061e92a0b38a4a5c4462b1f61b8d036d091b9f4063a197a8ecb49b2d47,mm,https://ocw.mit.edu/courses/2-341j-macromolecular-hydrodynamics-spring-2016/download/,ocw.mit.edu,qa,,Physics,Proof,CC BY-NC-SA 4.0,verified,https://ocw.mit.edu/terms/
8a2c954fc14a3b6be88bc8aa2a135570a822d60bce15429709b2662a1b9703e6,mm,https://ocw.mit.edu/courses/2-71-optics-spring-2014/download/,ocw.mit.edu,qa,,Physics,Calculation,CC BY-NC-SA 4.0,verified,https://ocw.mit.edu/terms/
851755519b59931a2c9b13fb211d1e87f2ba52fffc4e39913c503dc2d8241653,mm,https://ocw.mit.edu/courses/22-06-engineering-of-nuclear-systems-fall-2010/download/,ocw.mit.edu,qa,,Physics,Calculation,CC BY-NC-SA 4.0,verified,https://ocw.mit.edu/terms/
e467c0f3c5593bb4362678ba158c985d809c501093c3cf1489045ddead299884,mm,https://ocw.mit.edu/courses/2-004-modeling-dynamics-and-control-ii-spring-2003/download/,ocw.mit.edu,qa,,Physics,Calculation,CC BY-NC-SA 4.0,verified,https://ocw.mit.edu/terms/
18160831124996371a48f06315788f9c00a72b869a64ec565d5ff0a4d2e6e341,mm,https://safari.ethz.ch/architecture/fall2024/doku.php?do=media&id=start&image=fall23-hw3-sol.pdf&ns=&tab_details=view,safari.ethz.ch,qa,,Other,Calculation,no licence stated,unverified,
2d06520468e2101afd96372e14b2ee91ffdb2c0ae974513d5c316af83c8b31f7,mm,https://ocw.mit.edu/courses/2-003sc-engineering-dynamics-fall-2011/download/,ocw.mit.edu,qa,,Physics,Calculation,CC BY-NC-SA 4.0,verified,https://ocw.mit.edu/terms/
644d5496c8f8e541feec72fd1af6e53e7fb2b05ae9c8970e40481e037a3703ea,mm,https://ocw.mit.edu/courses/8-012-physics-i-classical-mechanics-fall-2008/download/,ocw.mit.edu,qa,,Physics,Calculation,CC BY-NC-SA 4.0,verified,https://ocw.mit.edu/terms/
d578a23d26bce7c8557b1d80d2be2130741237a77dcc43abbb5ce28d29758252,mm,https://ipho.olimpicos.net/pdf/IPhO_2019_Q1.pdf,ipho.olimpicos.net,,,Physics,Calculation,no licence stated,verified,https://ipho.olimpicos.net/
28b762377a8de1e86f9571701d49d33ddc06a2047beac122c2b8de530ae0197f,mm,https://ocw.mit.edu/courses/16-001-unified-engineering-materials-and-structures-fall-2021/download/,ocw.mit.edu,qa,,Physics,Calculation,CC BY-NC-SA 4.0,verified,https://ocw.mit.edu/terms/
a843397994ffdfbf6a7e682a5b3492e7647e6cfe79080dbd0c669f2cccc993eb,mm,https://ocw.mit.edu/courses/6-041-probabilistic-systems-analysis-and-applied-probability-fall-2010/resources/mit6_041f10_assn06_sol/,ocw.mit.edu,qa,,Math,Calculation,CC BY-NC-SA 4.0,verified,https://ocw.mit.edu/terms/
3f656e7325c7921bcd6bb0d02cc4e585bc2e00ba69336208b32888bb59c69762,mm,https://ocw.mit.edu/courses/2-71-optics-spring-2014/download/,ocw.mit.edu,qa,,Physics,Calculation,CC BY-NC-SA 4.0,verified,https://ocw.mit.edu/terms/
e8a342084d22241dbc5ed0be3eb5523a94605cb6df6d6ff8787e7f33152e0022,mm,https://ocw.mit.edu/courses/res-8-010-introduction-to-statistical-physics-summer-2018/resources/mitres_8_010su18_final_soln/,ocw.mit.edu,qa,,Physics,Calculation,CC BY-NC-SA 4.0,verified,https://ocw.mit.edu/terms/
93e5c079b7975dabb912f4c783bfe6864d435f96e8dc8acfb6bedc47fa3a6dbf,mm,https://ocw.mit.edu/courses/1-054-mechanics-and-design-of-concrete-structures-spring-2004/download/,ocw.mit.edu,qa,,Other,Calculation,CC BY-NC-SA 4.0,verified,https://ocw.mit.edu/terms/
6b117bc923056be24eedac6e40ad9edb422e6746f7c6678d5dd619cc045a35ce,mm,https://ocw.mit.edu/courses/16-01-unified-engineering-i-ii-iii-iv-fall-2005-spring-2006/pages/assignments/,ocw.mit.edu,qa,,Physics,Calculation,CC BY-NC-SA 4.0,verified,https://ocw.mit.edu/terms/
8a561403370f8f764ff817989eaf23465f0253c132be0792b96f11290258dc2f,mm,https://ocw.mit.edu/courses/6-374-analysis-and-design-of-digital-integrated-circuits-fall-2003/pages/assignments/,ocw.mit.edu,qa,,Physics,Calculation,CC BY-NC-SA 4.0,verified,https://ocw.mit.edu/terms/
360bbeb289e2deb1b53469bee7597471de6d83cc72433ae684a53b9969007ca2,mm,https://www.pas.rochester.edu/~manly/class/Exams/index.htm,www.pas.rochester.edu,qa,,Physics,Calculation,no licence stated,unverified,
114f3e02ce37f72e3710382bd4db07bf3fdf34ca366b244e6e489ff18239e355,mm,https://ipho.olimpicos.net/pdf/IPhO_1988_Q2.pdf,ipho.olimpicos.net,,,Physics,Calculation,no licence stated,verified,https://ipho.olimpicos.net/
37307f6d86849e665671901f192d949bddb8a083c5f8410262c7009a599f7a1e,mm,https://ocw.mit.edu/courses/6-004-computation-structures-spring-2009/pages/tutorial-problems/,ocw.mit.edu,qa,,Physics,Calculation,CC BY-NC-SA 4.0,verified,https://ocw.mit.edu/terms/
b3799ecd1a6ea8d863ab9e8fec1717301698bb03b88be92f335d16188f0ee782,mm,https://rodan.physics.ucla.edu/23S-1C/,rodan.physics.ucla.edu,qa,,Physics,Calculation,no licence stated,unverified,
47314498e3b554071a0f9a27ea93c42a81007fd89e4887fbd4228fd9d08ea7ae,mm,https://ocw.mit.edu/courses/16-682-technology-in-transportation-spring-2011/pages/assignments/,ocw.mit.edu,qa,,Physics,Calculation,CC BY-NC-SA 4.0,verified,https://ocw.mit.edu/terms/
8218941676177a1cf0e9b09afb40beeb193d172e8e0a8678d1ca6c997c7313c2,mm,https://ocw.mit.edu/courses/2-71-optics-spring-2014/download/,ocw.mit.edu,qa,,Physics,Calculation,CC BY-NC-SA 4.0,verified,https://ocw.mit.edu/terms/
0133a107db1187ab54afebf7b327121819955487ae7248561e3bf04482408be3,mm,http://users.wfu.edu/ecarlson/cosmo2/index.html,users.wfu.edu,qa,,Physics,Calculation,no licence stated,unverified,
2e70c0898f2f946afd8534b53934fc598e54f945119f13b6cc9cb48b2e2322c0,mm,https://ocw.mit.edu/courses/3-22-mechanical-behavior-of-materials-spring-2008/pages/assignments/,ocw.mit.edu,qa,,Other,Essay,CC BY-NC-SA 4.0,verified,https://ocw.mit.edu/terms/
d12db03de17182beda01fd7be31a0413cc842ffd3c4daf81fc55b8340c3f4c7a,mm,http://robotics.caltech.edu/wiki/index.php/ME115_2016,robotics.caltech.edu,qa,,Math,Calculation,no licence stated,unverified,
264b47455bf87242e0e7b9fb9f11c3bb49a2cf19b83ee24d1c05385c39235560,mm,https://ocw.mit.edu/courses/6-641-electromagnetic-fields-forces-and-motion-spring-2005/pages/exams/,ocw.mit.edu,qa,,Physics,Calculation,CC BY-NC-SA 4.0,verified,https://ocw.mit.edu/terms/
4070d5d153bb39c504afc5117398e50205c951b321ea95336f40b6e5fd6e7470,mm,https://ocw.mit.edu/courses/16-001-unified-engineering-materials-and-structures-fall-2021/download/,ocw.mit.edu,qa,,Physics,Calculation,CC BY-NC-SA 4.0,verified,https://ocw.mit.edu/terms/
4343f88600cb6317303bb61edad2cbe7f41c13b235656f0f0d425f5177dba343,mm,https://ocw.mit.edu/courses/2-007-design-and-manufacturing-i-spring-2009/pages/exams/,ocw.mit.edu,qa,,Physics,Calculation,CC BY-NC-SA 4.0,verified,https://ocw.mit.edu/terms/
e013a89b9d5190a0f58097662f094ca1073ec00c522c65131da4f7bfbbe6723f,mm,https://www.aapt.org/physicsteam/2013/exams.cfm,www.aapt.org,qa,,Physics,Calculation,no licence stated,verified,https://www.aapt.org/physicsteam/PT-exams.cfm
86e1937e08bd5a18830f067415dee61287b7c68a1c7dcadbe096f3d0803bd44d,mm,https://ocw.mit.edu/courses/2-016-hydrodynamics-13-012-fall-2005/pages/assignments/,ocw.mit.edu,qa,,Physics,Calculation,CC BY-NC-SA 4.0,verified,https://ocw.mit.edu/terms/
2017d6d140970fb66e3c3e640d10d05466963b9031a4a0e71191ac2213585e7a,mm,https://ocw.mit.edu/courses/6-641-electromagnetic-fields-forces-and-motion-spring-2009/resources/mit6_641s09_sol_exam2006/,ocw.mit.edu,qa,,Physics,Calculation,CC BY-NC-SA 4.0,verified,https://ocw.mit.edu/terms/
1254e5c8df36632b8774663cd8bbd3fbe8582de411626eb909b0e05929f9d364,mm,https://ocw.mit.edu/courses/2-71-optics-spring-2009/pages/assignments/,ocw.mit.edu,qa,,Physics,Calculation,CC BY-NC-SA 4.0,verified,https://ocw.mit.edu/terms/
6cb7ce590b78574560436eda5ed7428a4191c175b8dd1091c638aeea46b4c4b2,mm,https://ocw.mit.edu/courses/2-080j-structural-mechanics-fall-2013/pages/assignments/,ocw.mit.edu,qa,,Physics,Calculation,CC BY-NC-SA 4.0,verified,https://ocw.mit.edu/terms/
33a1a6938be009f0e06f90dcc0d2cc704487d732b1ac05269da17b7ac063eec1,mm,https://ocw.mit.edu/courses/6-641-electromagnetic-fields-forces-and-motion-spring-2009/resources/mit6_641s09_exam_review/,ocw.mit.edu,qa,,Physics,Calculation,CC BY-NC-SA 4.0,verified,https://ocw.mit.edu/terms/
5d3b76a2901a71234a4a8294d0df5d1a5be1210bf89dd93df78dc8390c6683de,mm,https://ocw.mit.edu/courses/6-691-seminar-in-electric-power-systems-spring-2006/download/,ocw.mit.edu,qa,,Physics,Calculation,CC BY-NC-SA 4.0,verified,https://ocw.mit.edu/terms/
23292e408561ed4b061aab4e3bc9461cd71e2846ae6dc27a0889d9a3a157b403,mm,https://rodan.physics.ucla.edu/22W-110B/,rodan.physics.ucla.edu,qa,,Physics,Calculation,no licence stated,unverified,
d32e5c4cce2b3d88859ba23bb10c8bfc8b11580fa46ddb94920d661345b64602,mm,https://ocw.mit.edu/courses/2-60j-fundamentals-of-advanced-energy-conversion-spring-2020/pages/assignments/,ocw.mit.edu,qa,,Physics,Calculation,CC BY-NC-SA 4.0,verified,https://ocw.mit.edu/terms/
cf4cad7dc02ea839517d4a26d7f5110c6ad08d2c15991dd645773bc7265fa6f5,mm,https://ipho.olimpicos.net/pdf/IPhO_2010_Q3.pdf,ipho.olimpicos.net,,,Physics,Calculation,no licence stated,verified,https://ipho.olimpicos.net/
c4c7c4f6d0cad7591899fc5ec768fef0bfb9b2577c6fc7ab058031ddbca532fc,mm,https://ocw.mit.edu/courses/2-032-dynamics-fall-2004/pages/exams/,ocw.mit.edu,qa,,Physics,Calculation,CC BY-NC-SA 4.0,verified,https://ocw.mit.edu/terms/
4eaa0cae6db9826842c459a752b95914b7fa429ae9057d0b879d2beab06ed49f,mm,https://ocw.mit.edu/courses/8-012-physics-i-classical-mechanics-fall-2008/download/,ocw.mit.edu,qa,,Physics,Calculation,CC BY-NC-SA 4.0,verified,https://ocw.mit.edu/terms/
d1a3419523345fdcf077528f1118801fdc7bbf9a77f146d99e914f9860748680,mm,https://ocw.mit.edu/courses/2-60j-fundamentals-of-advanced-energy-conversion-spring-2020/download/,ocw.mit.edu,qa,,Physics,Calculation,CC BY-NC-SA 4.0,verified,https://ocw.mit.edu/terms/
213d38b5b66ab1b94323d8f3251184f334ab86d4ada5cd48acc1d53ee6d2641d,mm,http://moller.physics.berkeley.edu/~yury/H7C/,moller.physics.berkeley.edu,qa,,Physics,Calculation,no licence stated,unverified,
f452a514aeb41bdce24071876c28d71b7d3e8a0df7d974c3e7203aa1f4a52fe5,mm,https://cmimc.math.cmu.edu/math/past-problems/2025,cmimc.math.cmu.edu,qa,,Math,Calculation,no licence stated,unverified,
ed3f15c9f5ce022ae3e19e6ad4b4bfd8701e974cf65fb5d00765847c80250581,mm,https://ocw.mit.edu/courses/res-8-010-introduction-to-statistical-physics-summer-2018/pages/problem-sets/,ocw.mit.edu,qa,,Math,Calculation,CC BY-NC-SA 4.0,verified,https://ocw.mit.edu/terms/
8920cea2d1c4538fad5381518643cbbf4ff1f02e232e01c09400446048b9243d,mm,https://ocw.mit.edu/courses/6-541j-speech-communication-spring-2004/download/,ocw.mit.edu,qa,,Other,Essay,CC BY-NC-SA 4.0,verified,https://ocw.mit.edu/terms/
4eb3a2f6fa43fa4e74c45fc08f10a2519e0d42e810301b5db2ef9ae4e7e8d918,mm,https://ocw.mit.edu/courses/2-171-analysis-and-design-of-digital-control-systems-fall-2006/download/,ocw.mit.edu,qa,,Physics,Calculation,CC BY-NC-SA 4.0,verified,https://ocw.mit.edu/terms/
cdc5142181ed421ef19f64c9be7cf7333482a05af9e2027cd03b62237f048983,mm,https://ocw.mit.edu/courses/6-541j-speech-communication-spring-2004/pages/assignments/,ocw.mit.edu,qa,,Physics,Calculation,CC BY-NC-SA 4.0,verified,https://ocw.mit.edu/terms/
f2bb4889757a21d7431d8944bd6d8453ff080dc919db6aa13df22920596142ab,mm,https://ocw.mit.edu/courses/2-080j-structural-mechanics-fall-2013/pages/assignments/,ocw.mit.edu,qa,,Physics,Calculation,CC BY-NC-SA 4.0,verified,https://ocw.mit.edu/terms/
3fbc97c695ae0147ceeca6b9c0aba416f5a82de48ca89a54aa6738a87484c4ff,mm,https://knzhou.github.io/,knzhou.github.io,qa,,Physics,Calculation,no licence stated,verified,https://knzhou.github.io/
6be55b3c99b2c3f5847b8088edaf82a2c555acabaac5e1f926aa31e2b40dffdd,mm,https://ocw.mit.edu/courses/2-002-mechanics-and-materials-ii-spring-2004/download/,ocw.mit.edu,qa,,Physics,Calculation,CC BY-NC-SA 4.0,verified,https://ocw.mit.edu/terms/
2a18ec61c01797b73596a4d24811137ec4ed4fb726cacd3fe5aeef09b123dc7a,mm,https://ocw.mit.edu/courses/2-080j-structural-mechanics-fall-2013/resources/mit2_080jf13_probset_1_sol/,ocw.mit.edu,qa,,Physics,Calculation,CC BY-NC-SA 4.0,verified,https://ocw.mit.edu/terms/
d1a3419523345fdcf077528f1118801fdc7bbf9a77f146d99e914f9860748680,mm,https://ocw.mit.edu/courses/2-60j-fundamentals-of-advanced-energy-conversion-spring-2020/download/,ocw.mit.edu,qa,,Physics,Calculation,CC BY-NC-SA 4.0,verified,https://ocw.mit.edu/terms/
